version 1
nodes
0 "root" -1
end
skeleton
time 0
0 0 0 0 0 0 0
end
triangles
nodraw
0  333.653381 -805.833130 316.894623  0.729029 -0.430478 -0.532171  0.375000 0.750000 0
0  -15.159076 -594.706543 2620.023682  -0.560892 -0.574129 0.596469  0.625000 1.000000 0
0  -0.133928 -872.188171 316.894623  -0.514027 -0.672834 -0.532044  0.375000 1.000000 0
nodraw
0  2.138316 -460.940552 1468.459106  -0.733293 0.675992 -0.072909  0.500000 0.250000 0
0  188.882874 -484.182709 2620.023682  0.415188 0.683777 0.600057  0.625000 0.500000 0
0  179.979950 -424.199738 1468.459106  0.448537 0.891597 -0.062209  0.500000 0.500000 0
nodraw
0  179.979950 -424.199738 1468.459106  0.448537 0.891597 -0.062209  0.500000 0.500000 0
0  213.870163 -557.198181 2620.023682  0.698217 -0.384698 0.603738  0.625000 0.750000 0
0  333.653381 -805.833130 316.894623  0.729029 -0.430478 -0.532171  0.375000 0.750000 0
nodraw
0  -0.133928 -759.096375 316.894623  -0.633571 0.432930 -0.641218  0.125000 0.500000 0
0  333.653381 -805.833130 316.894623  0.729029 -0.430478 -0.532171  0.375000 0.750000 0
0  -0.133928 -872.188171 316.894623  -0.514027 -0.672834 -0.532044  0.125000 0.750000 0
nodraw
0  188.882874 -484.182709 2620.023682  0.415188 0.683777 0.600057  0.625000 0.500000 0
0  -15.159076 -594.706543 2620.023682  -0.560892 -0.574129 0.596469  0.875000 0.750000 0
0  213.870163 -557.198181 2620.023682  0.698217 -0.384698 0.603738  0.625000 0.750000 0
nodraw
0  -0.133928 -759.096375 316.894623  -0.633571 0.432930 -0.641218  0.375000 0.250000 0
0  179.979950 -424.199738 1468.459106  0.448537 0.891597 -0.062209  0.500000 0.500000 0
0  292.026062 -700.767090 316.894623  0.424529 0.639771 -0.640678  0.375000 0.500000 0
nodraw
0  -15.159076 -594.706543 2620.023682  -0.560892 -0.574129 0.596469  0.625000 0.000000 0
0  -10.959282 -519.471619 2620.023682  -0.608184 0.520265 0.599530  0.625000 0.250000 0
0  2.138316 -460.940552 1468.459106  -0.733293 0.675992 -0.072909  0.500000 0.250000 0
nodraw
0  616.634521 -616.809082 316.894623  0.838271 -0.118723 -0.532171  0.375000 0.750000 0
0  213.579193 -555.238342 2620.023682  -0.298487 -0.745071 0.596469  0.625000 1.000000 0
0  333.648254 -805.848022 316.894623  -0.217416 -0.818328 -0.532044  0.375000 1.000000 0
nodraw
0  178.369858 -425.035217 1468.459106  -0.936165 0.343916 -0.072909  0.500000 0.250000 0
0  359.793732 -375.044128 2620.023682  0.121913 0.790613 0.600057  0.625000 0.500000 0
0  328.614014 -323.034119 1468.459106  0.073195 0.995376 -0.062209  0.500000 0.500000 0
nodraw
0  328.614014 -323.034119 1468.459106  0.073195 0.995376 -0.062209  0.500000 0.500000 0
0  410.820801 -432.939423 2620.023682  0.792286 -0.088218 0.603738  0.625000 0.750000 0
0  616.634521 -616.809082 316.894623  0.838271 -0.118723 -0.532171  0.375000 0.750000 0
nodraw
0  290.369904 -701.364868 316.894623  -0.751018 0.157518 -0.641218  0.125000 0.500000 0
0  616.634521 -616.809082 316.894623  0.838271 -0.118723 -0.532171  0.375000 0.750000 0
0  333.648254 -805.848022 316.894623  -0.217416 -0.818328 -0.532044  0.125000 0.750000 0
nodraw
0  359.793732 -375.044128 2620.023682  0.121913 0.790613 0.600057  0.625000 0.500000 0
0  213.579193 -555.238342 2620.023682  -0.298487 -0.745071 0.596469  0.875000 0.750000 0
0  410.820801 -432.939423 2620.023682  0.792286 -0.088218 0.603738  0.625000 0.750000 0
nodraw
0  290.369904 -701.364868 316.894623  -0.751018 0.157518 -0.641218  0.375000 0.250000 0
0  328.614014 -323.034119 1468.459106  0.073195 0.995376 -0.062209  0.500000 0.500000 0
0  537.968872 -535.670837 316.894623  0.147383 0.753532 -0.640678  0.375000 0.500000 0
nodraw
0  213.579193 -555.238342 2620.023682  -0.298487 -0.745071 0.596469  0.625000 0.000000 0
0  188.668137 -484.123108 2620.023682  -0.760986 0.247921 0.599530  0.625000 0.250000 0
0  178.369858 -425.035217 1468.459106  -0.936165 0.343916 -0.072909  0.500000 0.250000 0
nodraw
0  805.738647 -333.881470 316.894623  0.819895 0.211107 -0.532171  0.375000 0.750000 0
0  409.801971 -431.240112 2620.023682  0.009360 -0.802581 0.596469  0.625000 1.000000 0
0  616.635498 -616.824890 316.894623  0.112295 -0.839237 -0.532044  0.375000 1.000000 0
nodraw
0  327.446228 -324.422150 1468.459106  -0.996515 -0.040518 -0.072909  0.500000 0.250000 0
0  475.929260 -208.808502 2620.023682  -0.189923 0.777085 0.600057  0.625000 0.500000 0
0  427.219574 -172.689453 1468.459106  -0.313291 0.947618 -0.062209  0.500000 0.500000 0
nodraw
0  427.219574 -172.689453 1468.459106  -0.313291 0.947618 -0.062209  0.500000 0.500000 0
0  545.227661 -242.769547 2620.023682  0.765736 0.221692 0.603739  0.625000 0.750000 0
0  805.738647 -333.881470 316.894623  0.819895 0.211107 -0.532171  0.375000 0.750000 0
nodraw
0  536.667480 -536.856934 316.894623  -0.754130 -0.141875 -0.641218  0.125000 0.500000 0
0  805.738647 -333.881470 316.894623  0.819895 0.211107 -0.532171  0.375000 0.750000 0
0  616.635498 -616.824890 316.894623  0.112295 -0.839237 -0.532044  0.125000 0.750000 0
nodraw
0  475.929260 -208.808502 2620.023682  -0.189923 0.777085 0.600057  0.625000 0.500000 0
0  409.801971 -431.240112 2620.023682  0.009360 -0.802581 0.596469  0.875000 0.750000 0
0  545.227661 -242.769547 2620.023682  0.765736 0.221692 0.603739  0.625000 0.750000 0
nodraw
0  536.667480 -536.856934 316.894623  -0.754130 -0.141875 -0.641218  0.375000 0.250000 0
0  427.219574 -172.689453 1468.459106  -0.313291 0.947618 -0.062209  0.500000 0.500000 0
0  702.010803 -289.023529 316.894623  -0.152200 0.752574 -0.640678  0.375000 0.500000 0
nodraw
0  409.801971 -431.240112 2620.023682  0.009360 -0.802581 0.596469  0.625000 0.000000 0
0  359.572540 -375.071289 2620.023682  -0.797934 -0.062168 0.599531  0.625000 0.250000 0
0  327.446228 -324.422150 1468.459106  -0.996515 -0.040518 -0.072909  0.500000 0.250000 0
nodraw
0  872.176392 -0.123413 316.894623  0.676697 0.508798 -0.532171  0.375000 0.750000 0
0  543.636108 -241.589478 2620.023682  0.315782 -0.737906 0.596469  0.625000 1.000000 0
0  805.745605 -333.895660 316.894623  0.424908 -0.732381 -0.532044  0.375000 1.000000 0
nodraw
0  426.671875 -174.418762 1468.459106  -0.905154 -0.418784 -0.072909  0.500000 0.250000 0
0  519.608887 -10.783646 2620.023682  -0.472842 0.645254 0.600057  0.625000 0.500000 0
0  460.784821 3.945618 1468.459106  -0.652081 0.755593 -0.062209  0.500000 0.500000 0
nodraw
0  460.784821 3.945618 1468.459106  -0.652081 0.755593 -0.062209  0.500000 0.500000 0
0  596.628601 -15.640213 2620.023682  0.622611 0.497851 0.603738  0.625000 0.750000 0
0  872.176392 -0.123413 316.894623  0.676697 0.508798 -0.532171  0.375000 0.750000 0
nodraw
0  701.262390 -290.617310 316.894623  -0.642432 -0.419668 -0.641217  0.125000 0.500000 0
0  872.176392 -0.123413 316.894623  0.676697 0.508798 -0.532171  0.375000 0.750000 0
0  805.745605 -333.895660 316.894623  0.424908 -0.732381 -0.532044  0.125000 0.750000 0
nodraw
0  519.608887 -10.783646 2620.023682  -0.472842 0.645254 0.600057  0.625000 0.500000 0
0  543.636108 -241.589478 2620.023682  0.315782 -0.737906 0.596469  0.875000 0.750000 0
0  596.628601 -15.640213 2620.023682  0.622611 0.497851 0.603738  0.625000 0.750000 0
nodraw
0  701.262390 -290.617310 316.894623  -0.642432 -0.419668 -0.641217  0.375000 0.250000 0
0  460.784821 3.945618 1468.459106  -0.652081 0.755593 -0.062209  0.500000 0.500000 0
0  759.177979 1.625000 316.894623  -0.428612 0.637043 -0.640678  0.375000 0.500000 0
nodraw
0  543.636108 -241.589478 2620.023682  0.315782 -0.737906 0.596469  0.625000 0.000000 0
0  475.735291 -208.918228 2620.023682  -0.713404 -0.362792 0.599530  0.625000 0.250000 0
0  426.671875 -174.418762 1468.459106  -0.905154 -0.418784 -0.072909  0.500000 0.250000 0
nodraw
0  805.833069 333.653320 316.894623  0.430478 0.729028 -0.532171  0.375000 0.750000 0
0  594.706482 -15.159095 2620.023682  0.574131 -0.560892 0.596468  0.625000 1.000000 0
0  872.188110 -0.133958 316.894623  0.672835 -0.514027 -0.532044  0.375000 1.000000 0
nodraw
0  460.940521 2.138300 1468.459106  -0.675992 -0.733293 -0.072909  0.500000 0.250000 0
0  484.182678 188.882843 2620.023682  -0.683777 0.415188 0.600057  0.625000 0.500000 0
0  424.199707 179.979919 1468.459106  -0.891597 0.448537 -0.062209  0.500000 0.500000 0
nodraw
0  424.199707 179.979919 1468.459106  -0.891597 0.448537 -0.062209  0.500000 0.500000 0
0  557.198120 213.870132 2620.023682  0.384698 0.698217 0.603738  0.625000 0.750000 0
0  805.833069 333.653320 316.894623  0.430478 0.729028 -0.532171  0.375000 0.750000 0
nodraw
0  759.096313 -0.133954 316.894623  -0.432930 -0.633571 -0.641218  0.125000 0.500000 0
0  805.833069 333.653320 316.894623  0.430478 0.729028 -0.532171  0.375000 0.750000 0
0  872.188110 -0.133958 316.894623  0.672835 -0.514027 -0.532044  0.125000 0.750000 0
nodraw
0  484.182678 188.882843 2620.023682  -0.683777 0.415188 0.600057  0.625000 0.500000 0
0  594.706482 -15.159095 2620.023682  0.574131 -0.560892 0.596468  0.875000 0.750000 0
0  557.198120 213.870132 2620.023682  0.384698 0.698217 0.603738  0.625000 0.750000 0
nodraw
0  759.096313 -0.133954 316.894623  -0.432930 -0.633571 -0.641218  0.375000 0.250000 0
0  424.199707 179.979919 1468.459106  -0.891597 0.448537 -0.062209  0.500000 0.500000 0
0  700.767029 292.026001 316.894623  -0.639772 0.424529 -0.640678  0.375000 0.500000 0
nodraw
0  594.706482 -15.159095 2620.023682  0.574131 -0.560892 0.596468  0.625000 0.000000 0
0  519.471558 -10.959299 2620.023682  -0.520263 -0.608185 0.599531  0.625000 0.250000 0
0  460.940521 2.138300 1468.459106  -0.675992 -0.733293 -0.072909  0.500000 0.250000 0
nodraw
0  616.809082 616.634644 316.894623  0.118723 0.838271 -0.532171  0.375000 0.750000 0
0  555.238342 213.579269 2620.023682  0.745071 -0.298487 0.596469  0.625000 1.000000 0
0  805.848022 333.648376 316.894623  0.818327 -0.217416 -0.532044  0.375000 1.000000 0
nodraw
0  425.035217 178.369919 1468.459106  -0.343916 -0.936166 -0.072909  0.500000 0.250000 0
0  375.044098 359.793793 2620.023682  -0.790614 0.121913 0.600056  0.625000 0.500000 0
0  323.034088 328.614075 1468.459106  -0.995376 0.073195 -0.062209  0.500000 0.500000 0
nodraw
0  323.034088 328.614075 1468.459106  -0.995376 0.073195 -0.062209  0.500000 0.500000 0
0  432.939392 410.820862 2620.023682  0.088217 0.792287 0.603738  0.625000 0.750000 0
0  616.809082 616.634644 316.894623  0.118723 0.838271 -0.532171  0.375000 0.750000 0
nodraw
0  701.364868 290.369995 316.894623  -0.157518 -0.751018 -0.641217  0.125000 0.500000 0
0  616.809082 616.634644 316.894623  0.118723 0.838271 -0.532171  0.375000 0.750000 0
0  805.848022 333.648376 316.894623  0.818327 -0.217416 -0.532044  0.125000 0.750000 0
nodraw
0  375.044098 359.793793 2620.023682  -0.790614 0.121913 0.600056  0.625000 0.500000 0
0  555.238342 213.579269 2620.023682  0.745071 -0.298487 0.596469  0.875000 0.750000 0
0  432.939392 410.820862 2620.023682  0.088217 0.792287 0.603738  0.625000 0.750000 0
nodraw
0  701.364868 290.369995 316.894623  -0.157518 -0.751018 -0.641217  0.375000 0.250000 0
0  323.034088 328.614075 1468.459106  -0.995376 0.073195 -0.062209  0.500000 0.500000 0
0  535.670776 537.968994 316.894623  -0.753532 0.147384 -0.640678  0.375000 0.500000 0
nodraw
0  555.238342 213.579269 2620.023682  0.745071 -0.298487 0.596469  0.625000 0.000000 0
0  484.123108 188.668198 2620.023682  -0.247918 -0.760986 0.599530  0.625000 0.250000 0
0  425.035217 178.369919 1468.459106  -0.343916 -0.936166 -0.072909  0.500000 0.250000 0
nodraw
0  333.881592 805.738525 316.894623  -0.211107 0.819895 -0.532171  0.375000 0.750000 0
0  431.240143 409.801880 2620.023682  0.802582 0.009360 0.596469  0.625000 1.000000 0
0  616.824951 616.635315 316.894623  0.839237 0.112294 -0.532044  0.375000 1.000000 0
nodraw
0  324.422180 327.446167 1468.459106  0.040518 -0.996515 -0.072909  0.500000 0.250000 0
0  208.808563 475.929169 2620.023682  -0.777085 -0.189921 0.600057  0.625000 0.500000 0
0  172.689514 427.219513 1468.459106  -0.947618 -0.313290 -0.062209  0.500000 0.500000 0
nodraw
0  172.689514 427.219513 1468.459106  -0.947618 -0.313290 -0.062209  0.500000 0.500000 0
0  242.769608 545.227600 2620.023682  -0.221692 0.765737 0.603738  0.625000 0.750000 0
0  333.881592 805.738525 316.894623  -0.211107 0.819895 -0.532171  0.375000 0.750000 0
nodraw
0  536.856934 536.667358 316.894623  0.141874 -0.754130 -0.641218  0.125000 0.500000 0
0  333.881592 805.738525 316.894623  -0.211107 0.819895 -0.532171  0.375000 0.750000 0
0  616.824951 616.635315 316.894623  0.839237 0.112294 -0.532044  0.125000 0.750000 0
nodraw
0  208.808563 475.929169 2620.023682  -0.777085 -0.189921 0.600057  0.625000 0.500000 0
0  431.240143 409.801880 2620.023682  0.802582 0.009360 0.596469  0.875000 0.750000 0
0  242.769608 545.227600 2620.023682  -0.221692 0.765737 0.603738  0.625000 0.750000 0
nodraw
0  536.856934 536.667358 316.894623  0.141874 -0.754130 -0.641218  0.375000 0.250000 0
0  172.689514 427.219513 1468.459106  -0.947618 -0.313290 -0.062209  0.500000 0.500000 0
0  289.023621 702.010681 316.894623  -0.752574 -0.152200 -0.640678  0.375000 0.500000 0
nodraw
0  431.240143 409.801880 2620.023682  0.802582 0.009360 0.596469  0.625000 0.000000 0
0  375.071320 359.572449 2620.023682  0.062169 -0.797934 0.599530  0.625000 0.250000 0
0  324.422180 327.446167 1468.459106  0.040518 -0.996515 -0.072909  0.500000 0.250000 0
nodraw
0  0.123322 872.176392 316.894623  -0.508798 0.676697 -0.532171  0.375000 0.750000 0
0  241.589401 543.636108 2620.023682  0.737907 0.315782 0.596469  0.625000 1.000000 0
0  333.895538 805.745605 316.894623  0.732381 0.424909 -0.532044  0.375000 1.000000 0
nodraw
0  174.418701 426.671875 1468.459106  0.418784 -0.905154 -0.072909  0.500000 0.250000 0
0  10.783585 519.608887 2620.023682  -0.645254 -0.472842 0.600057  0.625000 0.500000 0
0  -3.945663 460.784790 1468.459106  -0.755593 -0.652081 -0.062209  0.500000 0.500000 0
nodraw
0  -3.945663 460.784790 1468.459106  -0.755593 -0.652081 -0.062209  0.500000 0.500000 0
0  15.640137 596.628601 2620.023682  -0.497851 0.622611 0.603738  0.625000 0.750000 0
0  0.123322 872.176392 316.894623  -0.508798 0.676697 -0.532171  0.375000 0.750000 0
nodraw
0  290.617218 701.262390 316.894623  0.419668 -0.642432 -0.641217  0.125000 0.500000 0
0  0.123322 872.176392 316.894623  -0.508798 0.676697 -0.532171  0.375000 0.750000 0
0  333.895538 805.745605 316.894623  0.732381 0.424909 -0.532044  0.125000 0.750000 0
nodraw
0  10.783585 519.608887 2620.023682  -0.645254 -0.472842 0.600057  0.625000 0.500000 0
0  241.589401 543.636108 2620.023682  0.737907 0.315782 0.596469  0.875000 0.750000 0
0  15.640137 596.628601 2620.023682  -0.497851 0.622611 0.603738  0.625000 0.750000 0
nodraw
0  290.617218 701.262390 316.894623  0.419668 -0.642432 -0.641217  0.375000 0.250000 0
0  -3.945663 460.784790 1468.459106  -0.755593 -0.652081 -0.062209  0.500000 0.500000 0
0  -1.625092 759.177917 316.894623  -0.637043 -0.428612 -0.640678  0.375000 0.500000 0
nodraw
0  241.589401 543.636108 2620.023682  0.737907 0.315782 0.596469  0.625000 0.000000 0
0  208.918167 475.735291 2620.023682  0.362792 -0.713405 0.599530  0.625000 0.250000 0
0  174.418701 426.671875 1468.459106  0.418784 -0.905154 -0.072909  0.500000 0.250000 0
nodraw
0  -333.653442 805.833130 316.894623  -0.729029 0.430478 -0.532171  0.375000 0.750000 0
0  15.159023 594.706543 2620.023682  0.560893 0.574129 0.596469  0.625000 1.000000 0
0  0.133852 872.188171 316.894623  0.514027 0.672834 -0.532044  0.375000 1.000000 0
nodraw
0  -2.138356 460.940552 1468.459106  0.733293 -0.675992 -0.072909  0.500000 0.250000 0
0  -188.882919 484.182678 2620.023682  -0.415188 -0.683777 0.600057  0.625000 0.500000 0
0  -179.979980 424.199707 1468.459106  -0.448537 -0.891597 -0.062209  0.500000 0.500000 0
nodraw
0  -179.979980 424.199707 1468.459106  -0.448537 -0.891597 -0.062209  0.500000 0.500000 0
0  -213.870209 557.198181 2620.023682  -0.698218 0.384698 0.603738  0.625000 0.750000 0
0  -333.653442 805.833130 316.894623  -0.729029 0.430478 -0.532171  0.375000 0.750000 0
nodraw
0  0.133861 759.096375 316.894623  0.633571 -0.432930 -0.641218  0.125000 0.500000 0
0  -333.653442 805.833130 316.894623  -0.729029 0.430478 -0.532171  0.375000 0.750000 0
0  0.133852 872.188171 316.894623  0.514027 0.672834 -0.532044  0.125000 0.750000 0
nodraw
0  -188.882919 484.182678 2620.023682  -0.415188 -0.683777 0.600057  0.625000 0.500000 0
0  15.159023 594.706543 2620.023682  0.560893 0.574129 0.596469  0.875000 0.750000 0
0  -213.870209 557.198181 2620.023682  -0.698218 0.384698 0.603738  0.625000 0.750000 0
nodraw
0  0.133861 759.096375 316.894623  0.633571 -0.432930 -0.641218  0.375000 0.250000 0
0  -179.979980 424.199707 1468.459106  -0.448537 -0.891597 -0.062209  0.500000 0.500000 0
0  -292.026123 700.767090 316.894623  -0.424529 -0.639772 -0.640678  0.375000 0.500000 0
nodraw
0  15.159023 594.706543 2620.023682  0.560893 0.574129 0.596469  0.625000 0.000000 0
0  10.959236 519.471619 2620.023682  0.608185 -0.520265 0.599530  0.625000 0.250000 0
0  -2.138356 460.940552 1468.459106  0.733293 -0.675992 -0.072909  0.500000 0.250000 0
nodraw
0  -616.634583 616.809143 316.894623  -0.838271 0.118723 -0.532171  0.375000 0.750000 0
0  -213.579208 555.238403 2620.023682  0.298487 0.745071 0.596469  0.625000 1.000000 0
0  -333.648285 805.848145 316.894623  0.217416 0.818327 -0.532044  0.375000 1.000000 0
nodraw
0  -178.369873 425.035278 1468.459106  0.936166 -0.343916 -0.072909  0.500000 0.250000 0
0  -359.793762 375.044189 2620.023682  -0.121914 -0.790613 0.600057  0.625000 0.500000 0
0  -328.614044 323.034119 1468.459106  -0.073195 -0.995376 -0.062209  0.500000 0.500000 0
nodraw
0  -328.614044 323.034119 1468.459106  -0.073195 -0.995376 -0.062209  0.500000 0.500000 0
0  -410.820831 432.939484 2620.023682  -0.792286 0.088219 0.603738  0.625000 0.750000 0
0  -616.634583 616.809143 316.894623  -0.838271 0.118723 -0.532171  0.375000 0.750000 0
nodraw
0  -290.369934 701.364929 316.894623  0.751018 -0.157518 -0.641218  0.125000 0.500000 0
0  -616.634583 616.809143 316.894623  -0.838271 0.118723 -0.532171  0.375000 0.750000 0
0  -333.648285 805.848145 316.894623  0.217416 0.818327 -0.532044  0.125000 0.750000 0
nodraw
0  -359.793762 375.044189 2620.023682  -0.121914 -0.790613 0.600057  0.625000 0.500000 0
0  -213.579208 555.238403 2620.023682  0.298487 0.745071 0.596469  0.875000 0.750000 0
0  -410.820831 432.939484 2620.023682  -0.792286 0.088219 0.603738  0.625000 0.750000 0
nodraw
0  -290.369934 701.364929 316.894623  0.751018 -0.157518 -0.641218  0.375000 0.250000 0
0  -328.614044 323.034119 1468.459106  -0.073195 -0.995376 -0.062209  0.500000 0.500000 0
0  -537.968933 535.670898 316.894623  -0.147383 -0.753532 -0.640678  0.375000 0.500000 0
nodraw
0  -213.579208 555.238403 2620.023682  0.298487 0.745071 0.596469  0.625000 0.000000 0
0  -188.668152 484.123169 2620.023682  0.760986 -0.247921 0.599530  0.625000 0.250000 0
0  -178.369873 425.035278 1468.459106  0.936166 -0.343916 -0.072909  0.500000 0.250000 0
nodraw
0  -805.738647 333.881348 316.894623  -0.819895 -0.211108 -0.532171  0.375000 0.750000 0
0  -409.801971 431.240051 2620.023682  -0.009360 0.802581 0.596469  0.625000 1.000000 0
0  -616.635498 616.824768 316.894623  -0.112295 0.839237 -0.532044  0.375000 1.000000 0
nodraw
0  -327.446228 324.422119 1468.459106  0.996515 0.040518 -0.072909  0.500000 0.250000 0
0  -475.929230 208.808441 2620.023682  0.189923 -0.777085 0.600057  0.625000 0.500000 0
0  -427.219543 172.689423 1468.459106  0.313291 -0.947617 -0.062209  0.500000 0.500000 0
nodraw
0  -427.219543 172.689423 1468.459106  0.313291 -0.947617 -0.062209  0.500000 0.500000 0
0  -545.227661 242.769485 2620.023682  -0.765736 -0.221692 0.603739  0.625000 0.750000 0
0  -805.738647 333.881348 316.894623  -0.819895 -0.211108 -0.532171  0.375000 0.750000 0
nodraw
0  -536.667480 536.856812 316.894623  0.754130 0.141875 -0.641217  0.125000 0.500000 0
0  -805.738647 333.881348 316.894623  -0.819895 -0.211108 -0.532171  0.375000 0.750000 0
0  -616.635498 616.824768 316.894623  -0.112295 0.839237 -0.532044  0.125000 0.750000 0
nodraw
0  -475.929230 208.808441 2620.023682  0.189923 -0.777085 0.600057  0.625000 0.500000 0
0  -409.801971 431.240051 2620.023682  -0.009360 0.802581 0.596469  0.875000 0.750000 0
0  -545.227661 242.769485 2620.023682  -0.765736 -0.221692 0.603739  0.625000 0.750000 0
nodraw
0  -536.667480 536.856812 316.894623  0.754130 0.141875 -0.641217  0.375000 0.250000 0
0  -427.219543 172.689423 1468.459106  0.313291 -0.947617 -0.062209  0.500000 0.500000 0
0  -702.010742 289.023438 316.894623  0.152200 -0.752574 -0.640678  0.375000 0.500000 0
nodraw
0  -409.801971 431.240051 2620.023682  -0.009360 0.802581 0.596469  0.625000 0.000000 0
0  -359.572540 375.071228 2620.023682  0.797934 0.062168 0.599531  0.625000 0.250000 0
0  -327.446228 324.422119 1468.459106  0.996515 0.040518 -0.072909  0.500000 0.250000 0
nodraw
0  -872.176392 0.123199 316.894623  -0.676697 -0.508798 -0.532171  0.375000 0.750000 0
0  -543.636169 241.589355 2620.023682  -0.315784 0.737906 0.596469  0.625000 1.000000 0
0  -805.745667 333.895477 316.894623  -0.424909 0.732381 -0.532044  0.375000 1.000000 0
nodraw
0  -426.671906 174.418655 1468.459106  0.905154 0.418784 -0.072909  0.500000 0.250000 0
0  -519.608887 10.783539 2620.023682  0.472842 -0.645254 0.600057  0.625000 0.500000 0
0  -460.784821 -3.945709 1468.459106  0.652081 -0.755593 -0.062209  0.500000 0.500000 0
nodraw
0  -460.784821 -3.945709 1468.459106  0.652081 -0.755593 -0.062209  0.500000 0.500000 0
0  -596.628540 15.640076 2620.023682  -0.622611 -0.497851 0.603738  0.625000 0.750000 0
0  -872.176392 0.123199 316.894623  -0.676697 -0.508798 -0.532171  0.375000 0.750000 0
nodraw
0  -701.262451 290.617126 316.894623  0.642432 0.419668 -0.641218  0.125000 0.500000 0
0  -872.176392 0.123199 316.894623  -0.676697 -0.508798 -0.532171  0.375000 0.750000 0
0  -805.745667 333.895477 316.894623  -0.424909 0.732381 -0.532044  0.125000 0.750000 0
nodraw
0  -519.608887 10.783539 2620.023682  0.472842 -0.645254 0.600057  0.625000 0.500000 0
0  -543.636169 241.589355 2620.023682  -0.315784 0.737906 0.596469  0.875000 0.750000 0
0  -596.628540 15.640076 2620.023682  -0.622611 -0.497851 0.603738  0.625000 0.750000 0
nodraw
0  -701.262451 290.617126 316.894623  0.642432 0.419668 -0.641218  0.375000 0.250000 0
0  -460.784821 -3.945709 1468.459106  0.652081 -0.755593 -0.062209  0.500000 0.500000 0
0  -759.177979 -1.625153 316.894623  0.428612 -0.637043 -0.640678  0.375000 0.500000 0
nodraw
0  -543.636169 241.589355 2620.023682  -0.315784 0.737906 0.596469  0.625000 0.000000 0
0  -475.735321 208.918121 2620.023682  0.713403 0.362793 0.599531  0.625000 0.250000 0
0  -426.671906 174.418655 1468.459106  0.905154 0.418784 -0.072909  0.500000 0.250000 0
nodraw
0  -805.833069 -333.653381 316.894623  -0.430478 -0.729029 -0.532171  0.375000 0.750000 0
0  -594.706482 15.159055 2620.023682  -0.574129 0.560892 0.596469  0.625000 1.000000 0
0  -872.188110 0.133898 316.894623  -0.672834 0.514027 -0.532044  0.375000 1.000000 0
nodraw
0  -460.940521 -2.138332 1468.459106  0.675992 0.733293 -0.072909  0.500000 0.250000 0
0  -484.182678 -188.882874 2620.023682  0.683777 -0.415188 0.600057  0.625000 0.500000 0
0  -424.199707 -179.979950 1468.459106  0.891597 -0.448537 -0.062209  0.500000 0.500000 0
nodraw
0  -424.199707 -179.979950 1468.459106  0.891597 -0.448537 -0.062209  0.500000 0.500000 0
0  -557.198120 -213.870163 2620.023682  -0.384698 -0.698217 0.603738  0.625000 0.750000 0
0  -805.833069 -333.653381 316.894623  -0.430478 -0.729029 -0.532171  0.375000 0.750000 0
nodraw
0  -759.096313 0.133902 316.894623  0.432930 0.633571 -0.641218  0.125000 0.500000 0
0  -805.833069 -333.653381 316.894623  -0.430478 -0.729029 -0.532171  0.375000 0.750000 0
0  -872.188110 0.133898 316.894623  -0.672834 0.514027 -0.532044  0.125000 0.750000 0
nodraw
0  -484.182678 -188.882874 2620.023682  0.683777 -0.415188 0.600057  0.625000 0.500000 0
0  -594.706482 15.159055 2620.023682  -0.574129 0.560892 0.596469  0.875000 0.750000 0
0  -557.198120 -213.870163 2620.023682  -0.384698 -0.698217 0.603738  0.625000 0.750000 0
nodraw
0  -759.096313 0.133902 316.894623  0.432930 0.633571 -0.641218  0.375000 0.250000 0
0  -424.199707 -179.979950 1468.459106  0.891597 -0.448537 -0.062209  0.500000 0.500000 0
0  -700.767029 -292.026062 316.894623  0.639772 -0.424529 -0.640678  0.375000 0.500000 0
nodraw
0  -594.706482 15.159055 2620.023682  -0.574129 0.560892 0.596469  0.625000 0.000000 0
0  -519.471558 10.959263 2620.023682  0.520266 0.608184 0.599530  0.625000 0.250000 0
0  -460.940521 -2.138332 1468.459106  0.675992 0.733293 -0.072909  0.500000 0.250000 0
nodraw
0  -616.809082 -616.634644 316.894623  -0.118723 -0.838272 -0.532171  0.375000 0.750000 0
0  -555.238342 -213.579254 2620.023682  -0.745070 0.298487 0.596469  0.625000 1.000000 0
0  -805.848022 -333.648346 316.894623  -0.818327 0.217416 -0.532044  0.375000 1.000000 0
nodraw
0  -425.035217 -178.369904 1468.459106  0.343916 0.936166 -0.072909  0.500000 0.250000 0
0  -375.044128 -359.793762 2620.023682  0.790613 -0.121913 0.600057  0.625000 0.500000 0
0  -323.034088 -328.614044 1468.459106  0.995376 -0.073195 -0.062209  0.500000 0.500000 0
nodraw
0  -323.034088 -328.614044 1468.459106  0.995376 -0.073195 -0.062209  0.500000 0.500000 0
0  -432.939392 -410.820831 2620.023682  -0.088218 -0.792286 0.603738  0.625000 0.750000 0
0  -616.809082 -616.634644 316.894623  -0.118723 -0.838272 -0.532171  0.375000 0.750000 0
nodraw
0  -701.364868 -290.369965 316.894623  0.157518 0.751018 -0.641217  0.125000 0.500000 0
0  -616.809082 -616.634644 316.894623  -0.118723 -0.838272 -0.532171  0.375000 0.750000 0
0  -805.848022 -333.648346 316.894623  -0.818327 0.217416 -0.532044  0.125000 0.750000 0
nodraw
0  -375.044128 -359.793762 2620.023682  0.790613 -0.121913 0.600057  0.625000 0.500000 0
0  -555.238342 -213.579254 2620.023682  -0.745070 0.298487 0.596469  0.875000 0.750000 0
0  -432.939392 -410.820831 2620.023682  -0.088218 -0.792286 0.603738  0.625000 0.750000 0
nodraw
0  -701.364868 -290.369965 316.894623  0.157518 0.751018 -0.641217  0.375000 0.250000 0
0  -323.034088 -328.614044 1468.459106  0.995376 -0.073195 -0.062209  0.500000 0.500000 0
0  -535.670776 -537.968933 316.894623  0.753532 -0.147383 -0.640678  0.375000 0.500000 0
nodraw
0  -555.238342 -213.579254 2620.023682  -0.745070 0.298487 0.596469  0.625000 0.000000 0
0  -484.123108 -188.668182 2620.023682  0.247921 0.760986 0.599530  0.625000 0.250000 0
0  -425.035217 -178.369904 1468.459106  0.343916 0.936166 -0.072909  0.500000 0.250000 0
nodraw
0  -333.881317 -805.738647 316.894623  0.211107 -0.819895 -0.532171  0.375000 0.750000 0
0  -431.239990 -409.802032 2620.023682  -0.802581 -0.009360 0.596470  0.625000 1.000000 0
0  -616.824707 -616.635559 316.894623  -0.839238 -0.112294 -0.532044  0.375000 1.000000 0
nodraw
0  -324.422089 -327.446289 1468.459106  -0.040518 0.996515 -0.072909  0.500000 0.250000 0
0  -208.808380 -475.929260 2620.023682  0.777086 0.189921 0.600057  0.625000 0.500000 0
0  -172.689362 -427.219604 1468.459106  0.947617 0.313291 -0.062209  0.500000 0.500000 0
nodraw
0  -172.689362 -427.219604 1468.459106  0.947617 0.313291 -0.062209  0.500000 0.500000 0
0  -242.769424 -545.227722 2620.023682  0.221692 -0.765737 0.603738  0.625000 0.750000 0
0  -333.881317 -805.738647 316.894623  0.211107 -0.819895 -0.532171  0.375000 0.750000 0
nodraw
0  -536.856750 -536.667603 316.894623  -0.141874 0.754130 -0.641218  0.125000 0.500000 0
0  -333.881317 -805.738647 316.894623  0.211107 -0.819895 -0.532171  0.375000 0.750000 0
0  -616.824707 -616.635559 316.894623  -0.839238 -0.112294 -0.532044  0.125000 0.750000 0
nodraw
0  -208.808380 -475.929260 2620.023682  0.777086 0.189921 0.600057  0.625000 0.500000 0
0  -431.239990 -409.802032 2620.023682  -0.802581 -0.009360 0.596470  0.875000 0.750000 0
0  -242.769424 -545.227722 2620.023682  0.221692 -0.765737 0.603738  0.625000 0.750000 0
nodraw
0  -536.856750 -536.667603 316.894623  -0.141874 0.754130 -0.641218  0.375000 0.250000 0
0  -172.689362 -427.219604 1468.459106  0.947617 0.313291 -0.062209  0.500000 0.500000 0
0  -289.023376 -702.010803 316.894623  0.752574 0.152200 -0.640678  0.375000 0.500000 0
nodraw
0  -431.239990 -409.802032 2620.023682  -0.802581 -0.009360 0.596470  0.625000 0.000000 0
0  -375.071198 -359.572601 2620.023682  -0.062167 0.797934 0.599530  0.625000 0.250000 0
0  -324.422089 -327.446289 1468.459106  -0.040518 0.996515 -0.072909  0.500000 0.250000 0
nodraw
0  -0.123444 -872.176331 316.894623  0.508798 -0.676697 -0.532171  0.375000 0.750000 0
0  -241.589493 -543.636047 2620.023682  -0.737907 -0.315782 0.596469  0.625000 1.000000 0
0  -333.895691 -805.745544 316.894623  -0.732381 -0.424908 -0.532044  0.375000 1.000000 0
nodraw
0  -174.418762 -426.671844 1468.459106  -0.418784 0.905154 -0.072909  0.500000 0.250000 0
0  -10.783676 -519.608887 2620.023682  0.645254 0.472842 0.600057  0.625000 0.500000 0
0  3.945587 -460.784790 1468.459106  0.755593 0.652080 -0.062209  0.500000 0.500000 0
nodraw
0  3.945587 -460.784790 1468.459106  0.755593 0.652080 -0.062209  0.500000 0.500000 0
0  -15.640244 -596.628540 2620.023682  0.497851 -0.622611 0.603738  0.625000 0.750000 0
0  -0.123444 -872.176331 316.894623  0.508798 -0.676697 -0.532171  0.375000 0.750000 0
nodraw
0  -290.617310 -701.262329 316.894623  -0.419668 0.642432 -0.641217  0.125000 0.500000 0
0  -0.123444 -872.176331 316.894623  0.508798 -0.676697 -0.532171  0.375000 0.750000 0
0  -333.895691 -805.745544 316.894623  -0.732381 -0.424908 -0.532044  0.125000 0.750000 0
nodraw
0  -10.783676 -519.608887 2620.023682  0.645254 0.472842 0.600057  0.625000 0.500000 0
0  -241.589493 -543.636047 2620.023682  -0.737907 -0.315782 0.596469  0.875000 0.750000 0
0  -15.640244 -596.628540 2620.023682  0.497851 -0.622611 0.603738  0.625000 0.750000 0
nodraw
0  -290.617310 -701.262329 316.894623  -0.419668 0.642432 -0.641217  0.375000 0.250000 0
0  3.945587 -460.784790 1468.459106  0.755593 0.652080 -0.062209  0.500000 0.500000 0
0  1.624969 -759.177917 316.894623  0.637043 0.428612 -0.640678  0.375000 0.500000 0
nodraw
0  -241.589493 -543.636047 2620.023682  -0.737907 -0.315782 0.596469  0.625000 0.000000 0
0  -208.918243 -475.735260 2620.023682  -0.362792 0.713404 0.599530  0.625000 0.250000 0
0  -174.418762 -426.671844 1468.459106  -0.418784 0.905154 -0.072909  0.500000 0.250000 0
nodraw
0  333.653381 -805.833130 316.894623  0.729029 -0.430478 -0.532171  0.375000 0.750000 0
0  213.870163 -557.198181 2620.023682  0.698217 -0.384698 0.603738  0.625000 0.750000 0
0  -15.159076 -594.706543 2620.023682  -0.560892 -0.574129 0.596469  0.625000 1.000000 0
nodraw
0  2.138316 -460.940552 1468.459106  -0.733293 0.675992 -0.072909  0.500000 0.250000 0
0  -10.959282 -519.471619 2620.023682  -0.608184 0.520265 0.599530  0.625000 0.250000 0
0  188.882874 -484.182709 2620.023682  0.415188 0.683777 0.600057  0.625000 0.500000 0
nodraw
0  333.653381 -805.833130 316.894623  0.729029 -0.430478 -0.532171  0.375000 0.750000 0
0  292.026062 -700.767090 316.894623  0.424529 0.639771 -0.640678  0.375000 0.500000 0
0  179.979950 -424.199738 1468.459106  0.448537 0.891597 -0.062209  0.500000 0.500000 0
nodraw
0  179.979950 -424.199738 1468.459106  0.448537 0.891597 -0.062209  0.500000 0.500000 0
0  188.882874 -484.182709 2620.023682  0.415188 0.683777 0.600057  0.625000 0.500000 0
0  213.870163 -557.198181 2620.023682  0.698217 -0.384698 0.603738  0.625000 0.750000 0
nodraw
0  -0.133928 -759.096375 316.894623  -0.633571 0.432930 -0.641218  0.125000 0.500000 0
0  292.026062 -700.767090 316.894623  0.424529 0.639771 -0.640678  0.375000 0.500000 0
0  333.653381 -805.833130 316.894623  0.729029 -0.430478 -0.532171  0.375000 0.750000 0
nodraw
0  188.882874 -484.182709 2620.023682  0.415188 0.683777 0.600057  0.625000 0.500000 0
0  -10.959282 -519.471619 2620.023682  -0.608184 0.520265 0.599530  0.875000 0.500000 0
0  -15.159076 -594.706543 2620.023682  -0.560892 -0.574129 0.596469  0.875000 0.750000 0
nodraw
0  -0.133928 -759.096375 316.894623  -0.633571 0.432930 -0.641218  0.375000 0.250000 0
0  2.138316 -460.940552 1468.459106  -0.733293 0.675992 -0.072909  0.500000 0.250000 0
0  179.979950 -424.199738 1468.459106  0.448537 0.891597 -0.062209  0.500000 0.500000 0
nodraw
0  -0.133928 -759.096375 316.894623  -0.633571 0.432930 -0.641218  0.375000 0.250000 0
0  -0.133928 -872.188171 316.894623  -0.514027 -0.672834 -0.532044  0.375000 0.000000 0
0  2.138316 -460.940552 1468.459106  -0.733293 0.675992 -0.072909  0.500000 0.250000 0
nodraw
0  -0.133928 -872.188171 316.894623  -0.514027 -0.672834 -0.532044  0.375000 0.000000 0
0  -15.159076 -594.706543 2620.023682  -0.560892 -0.574129 0.596469  0.625000 0.000000 0
0  2.138316 -460.940552 1468.459106  -0.733293 0.675992 -0.072909  0.500000 0.250000 0
nodraw
0  616.634521 -616.809082 316.894623  0.838271 -0.118723 -0.532171  0.375000 0.750000 0
0  410.820801 -432.939423 2620.023682  0.792286 -0.088218 0.603738  0.625000 0.750000 0
0  213.579193 -555.238342 2620.023682  -0.298487 -0.745071 0.596469  0.625000 1.000000 0
nodraw
0  178.369858 -425.035217 1468.459106  -0.936165 0.343916 -0.072909  0.500000 0.250000 0
0  188.668137 -484.123108 2620.023682  -0.760986 0.247921 0.599530  0.625000 0.250000 0
0  359.793732 -375.044128 2620.023682  0.121913 0.790613 0.600057  0.625000 0.500000 0
nodraw
0  616.634521 -616.809082 316.894623  0.838271 -0.118723 -0.532171  0.375000 0.750000 0
0  537.968872 -535.670837 316.894623  0.147383 0.753532 -0.640678  0.375000 0.500000 0
0  328.614014 -323.034119 1468.459106  0.073195 0.995376 -0.062209  0.500000 0.500000 0
nodraw
0  328.614014 -323.034119 1468.459106  0.073195 0.995376 -0.062209  0.500000 0.500000 0
0  359.793732 -375.044128 2620.023682  0.121913 0.790613 0.600057  0.625000 0.500000 0
0  410.820801 -432.939423 2620.023682  0.792286 -0.088218 0.603738  0.625000 0.750000 0
nodraw
0  290.369904 -701.364868 316.894623  -0.751018 0.157518 -0.641218  0.125000 0.500000 0
0  537.968872 -535.670837 316.894623  0.147383 0.753532 -0.640678  0.375000 0.500000 0
0  616.634521 -616.809082 316.894623  0.838271 -0.118723 -0.532171  0.375000 0.750000 0
nodraw
0  359.793732 -375.044128 2620.023682  0.121913 0.790613 0.600057  0.625000 0.500000 0
0  188.668137 -484.123108 2620.023682  -0.760986 0.247921 0.599530  0.875000 0.500000 0
0  213.579193 -555.238342 2620.023682  -0.298487 -0.745071 0.596469  0.875000 0.750000 0
nodraw
0  290.369904 -701.364868 316.894623  -0.751018 0.157518 -0.641218  0.375000 0.250000 0
0  178.369858 -425.035217 1468.459106  -0.936165 0.343916 -0.072909  0.500000 0.250000 0
0  328.614014 -323.034119 1468.459106  0.073195 0.995376 -0.062209  0.500000 0.500000 0
nodraw
0  290.369904 -701.364868 316.894623  -0.751018 0.157518 -0.641218  0.375000 0.250000 0
0  333.648254 -805.848022 316.894623  -0.217416 -0.818328 -0.532044  0.375000 0.000000 0
0  178.369858 -425.035217 1468.459106  -0.936165 0.343916 -0.072909  0.500000 0.250000 0
nodraw
0  333.648254 -805.848022 316.894623  -0.217416 -0.818328 -0.532044  0.375000 0.000000 0
0  213.579193 -555.238342 2620.023682  -0.298487 -0.745071 0.596469  0.625000 0.000000 0
0  178.369858 -425.035217 1468.459106  -0.936165 0.343916 -0.072909  0.500000 0.250000 0
nodraw
0  805.738647 -333.881470 316.894623  0.819895 0.211107 -0.532171  0.375000 0.750000 0
0  545.227661 -242.769547 2620.023682  0.765736 0.221692 0.603739  0.625000 0.750000 0
0  409.801971 -431.240112 2620.023682  0.009360 -0.802581 0.596469  0.625000 1.000000 0
nodraw
0  327.446228 -324.422150 1468.459106  -0.996515 -0.040518 -0.072909  0.500000 0.250000 0
0  359.572540 -375.071289 2620.023682  -0.797934 -0.062168 0.599531  0.625000 0.250000 0
0  475.929260 -208.808502 2620.023682  -0.189923 0.777085 0.600057  0.625000 0.500000 0
nodraw
0  805.738647 -333.881470 316.894623  0.819895 0.211107 -0.532171  0.375000 0.750000 0
0  702.010803 -289.023529 316.894623  -0.152200 0.752574 -0.640678  0.375000 0.500000 0
0  427.219574 -172.689453 1468.459106  -0.313291 0.947618 -0.062209  0.500000 0.500000 0
nodraw
0  427.219574 -172.689453 1468.459106  -0.313291 0.947618 -0.062209  0.500000 0.500000 0
0  475.929260 -208.808502 2620.023682  -0.189923 0.777085 0.600057  0.625000 0.500000 0
0  545.227661 -242.769547 2620.023682  0.765736 0.221692 0.603739  0.625000 0.750000 0
nodraw
0  536.667480 -536.856934 316.894623  -0.754130 -0.141875 -0.641218  0.125000 0.500000 0
0  702.010803 -289.023529 316.894623  -0.152200 0.752574 -0.640678  0.375000 0.500000 0
0  805.738647 -333.881470 316.894623  0.819895 0.211107 -0.532171  0.375000 0.750000 0
nodraw
0  475.929260 -208.808502 2620.023682  -0.189923 0.777085 0.600057  0.625000 0.500000 0
0  359.572540 -375.071289 2620.023682  -0.797934 -0.062168 0.599531  0.875000 0.500000 0
0  409.801971 -431.240112 2620.023682  0.009360 -0.802581 0.596469  0.875000 0.750000 0
nodraw
0  536.667480 -536.856934 316.894623  -0.754130 -0.141875 -0.641218  0.375000 0.250000 0
0  327.446228 -324.422150 1468.459106  -0.996515 -0.040518 -0.072909  0.500000 0.250000 0
0  427.219574 -172.689453 1468.459106  -0.313291 0.947618 -0.062209  0.500000 0.500000 0
nodraw
0  536.667480 -536.856934 316.894623  -0.754130 -0.141875 -0.641218  0.375000 0.250000 0
0  616.635498 -616.824890 316.894623  0.112295 -0.839237 -0.532044  0.375000 0.000000 0
0  327.446228 -324.422150 1468.459106  -0.996515 -0.040518 -0.072909  0.500000 0.250000 0
nodraw
0  616.635498 -616.824890 316.894623  0.112295 -0.839237 -0.532044  0.375000 0.000000 0
0  409.801971 -431.240112 2620.023682  0.009360 -0.802581 0.596469  0.625000 0.000000 0
0  327.446228 -324.422150 1468.459106  -0.996515 -0.040518 -0.072909  0.500000 0.250000 0
nodraw
0  872.176392 -0.123413 316.894623  0.676697 0.508798 -0.532171  0.375000 0.750000 0
0  596.628601 -15.640213 2620.023682  0.622611 0.497851 0.603738  0.625000 0.750000 0
0  543.636108 -241.589478 2620.023682  0.315782 -0.737906 0.596469  0.625000 1.000000 0
nodraw
0  426.671875 -174.418762 1468.459106  -0.905154 -0.418784 -0.072909  0.500000 0.250000 0
0  475.735291 -208.918228 2620.023682  -0.713404 -0.362792 0.599530  0.625000 0.250000 0
0  519.608887 -10.783646 2620.023682  -0.472842 0.645254 0.600057  0.625000 0.500000 0
nodraw
0  872.176392 -0.123413 316.894623  0.676697 0.508798 -0.532171  0.375000 0.750000 0
0  759.177979 1.625000 316.894623  -0.428612 0.637043 -0.640678  0.375000 0.500000 0
0  460.784821 3.945618 1468.459106  -0.652081 0.755593 -0.062209  0.500000 0.500000 0
nodraw
0  460.784821 3.945618 1468.459106  -0.652081 0.755593 -0.062209  0.500000 0.500000 0
0  519.608887 -10.783646 2620.023682  -0.472842 0.645254 0.600057  0.625000 0.500000 0
0  596.628601 -15.640213 2620.023682  0.622611 0.497851 0.603738  0.625000 0.750000 0
nodraw
0  701.262390 -290.617310 316.894623  -0.642432 -0.419668 -0.641217  0.125000 0.500000 0
0  759.177979 1.625000 316.894623  -0.428612 0.637043 -0.640678  0.375000 0.500000 0
0  872.176392 -0.123413 316.894623  0.676697 0.508798 -0.532171  0.375000 0.750000 0
nodraw
0  519.608887 -10.783646 2620.023682  -0.472842 0.645254 0.600057  0.625000 0.500000 0
0  475.735291 -208.918228 2620.023682  -0.713404 -0.362792 0.599530  0.875000 0.500000 0
0  543.636108 -241.589478 2620.023682  0.315782 -0.737906 0.596469  0.875000 0.750000 0
nodraw
0  701.262390 -290.617310 316.894623  -0.642432 -0.419668 -0.641217  0.375000 0.250000 0
0  426.671875 -174.418762 1468.459106  -0.905154 -0.418784 -0.072909  0.500000 0.250000 0
0  460.784821 3.945618 1468.459106  -0.652081 0.755593 -0.062209  0.500000 0.500000 0
nodraw
0  701.262390 -290.617310 316.894623  -0.642432 -0.419668 -0.641217  0.375000 0.250000 0
0  805.745605 -333.895660 316.894623  0.424908 -0.732381 -0.532044  0.375000 0.000000 0
0  426.671875 -174.418762 1468.459106  -0.905154 -0.418784 -0.072909  0.500000 0.250000 0
nodraw
0  805.745605 -333.895660 316.894623  0.424908 -0.732381 -0.532044  0.375000 0.000000 0
0  543.636108 -241.589478 2620.023682  0.315782 -0.737906 0.596469  0.625000 0.000000 0
0  426.671875 -174.418762 1468.459106  -0.905154 -0.418784 -0.072909  0.500000 0.250000 0
nodraw
0  805.833069 333.653320 316.894623  0.430478 0.729028 -0.532171  0.375000 0.750000 0
0  557.198120 213.870132 2620.023682  0.384698 0.698217 0.603738  0.625000 0.750000 0
0  594.706482 -15.159095 2620.023682  0.574131 -0.560892 0.596468  0.625000 1.000000 0
nodraw
0  460.940521 2.138300 1468.459106  -0.675992 -0.733293 -0.072909  0.500000 0.250000 0
0  519.471558 -10.959299 2620.023682  -0.520263 -0.608185 0.599531  0.625000 0.250000 0
0  484.182678 188.882843 2620.023682  -0.683777 0.415188 0.600057  0.625000 0.500000 0
nodraw
0  805.833069 333.653320 316.894623  0.430478 0.729028 -0.532171  0.375000 0.750000 0
0  700.767029 292.026001 316.894623  -0.639772 0.424529 -0.640678  0.375000 0.500000 0
0  424.199707 179.979919 1468.459106  -0.891597 0.448537 -0.062209  0.500000 0.500000 0
nodraw
0  424.199707 179.979919 1468.459106  -0.891597 0.448537 -0.062209  0.500000 0.500000 0
0  484.182678 188.882843 2620.023682  -0.683777 0.415188 0.600057  0.625000 0.500000 0
0  557.198120 213.870132 2620.023682  0.384698 0.698217 0.603738  0.625000 0.750000 0
nodraw
0  759.096313 -0.133954 316.894623  -0.432930 -0.633571 -0.641218  0.125000 0.500000 0
0  700.767029 292.026001 316.894623  -0.639772 0.424529 -0.640678  0.375000 0.500000 0
0  805.833069 333.653320 316.894623  0.430478 0.729028 -0.532171  0.375000 0.750000 0
nodraw
0  484.182678 188.882843 2620.023682  -0.683777 0.415188 0.600057  0.625000 0.500000 0
0  519.471558 -10.959299 2620.023682  -0.520263 -0.608185 0.599531  0.875000 0.500000 0
0  594.706482 -15.159095 2620.023682  0.574131 -0.560892 0.596468  0.875000 0.750000 0
nodraw
0  759.096313 -0.133954 316.894623  -0.432930 -0.633571 -0.641218  0.375000 0.250000 0
0  460.940521 2.138300 1468.459106  -0.675992 -0.733293 -0.072909  0.500000 0.250000 0
0  424.199707 179.979919 1468.459106  -0.891597 0.448537 -0.062209  0.500000 0.500000 0
nodraw
0  759.096313 -0.133954 316.894623  -0.432930 -0.633571 -0.641218  0.375000 0.250000 0
0  872.188110 -0.133958 316.894623  0.672835 -0.514027 -0.532044  0.375000 0.000000 0
0  460.940521 2.138300 1468.459106  -0.675992 -0.733293 -0.072909  0.500000 0.250000 0
nodraw
0  872.188110 -0.133958 316.894623  0.672835 -0.514027 -0.532044  0.375000 0.000000 0
0  594.706482 -15.159095 2620.023682  0.574131 -0.560892 0.596468  0.625000 0.000000 0
0  460.940521 2.138300 1468.459106  -0.675992 -0.733293 -0.072909  0.500000 0.250000 0
nodraw
0  616.809082 616.634644 316.894623  0.118723 0.838271 -0.532171  0.375000 0.750000 0
0  432.939392 410.820862 2620.023682  0.088217 0.792287 0.603738  0.625000 0.750000 0
0  555.238342 213.579269 2620.023682  0.745071 -0.298487 0.596469  0.625000 1.000000 0
nodraw
0  425.035217 178.369919 1468.459106  -0.343916 -0.936166 -0.072909  0.500000 0.250000 0
0  484.123108 188.668198 2620.023682  -0.247918 -0.760986 0.599530  0.625000 0.250000 0
0  375.044098 359.793793 2620.023682  -0.790614 0.121913 0.600056  0.625000 0.500000 0
nodraw
0  616.809082 616.634644 316.894623  0.118723 0.838271 -0.532171  0.375000 0.750000 0
0  535.670776 537.968994 316.894623  -0.753532 0.147384 -0.640678  0.375000 0.500000 0
0  323.034088 328.614075 1468.459106  -0.995376 0.073195 -0.062209  0.500000 0.500000 0
nodraw
0  323.034088 328.614075 1468.459106  -0.995376 0.073195 -0.062209  0.500000 0.500000 0
0  375.044098 359.793793 2620.023682  -0.790614 0.121913 0.600056  0.625000 0.500000 0
0  432.939392 410.820862 2620.023682  0.088217 0.792287 0.603738  0.625000 0.750000 0
nodraw
0  701.364868 290.369995 316.894623  -0.157518 -0.751018 -0.641217  0.125000 0.500000 0
0  535.670776 537.968994 316.894623  -0.753532 0.147384 -0.640678  0.375000 0.500000 0
0  616.809082 616.634644 316.894623  0.118723 0.838271 -0.532171  0.375000 0.750000 0
nodraw
0  375.044098 359.793793 2620.023682  -0.790614 0.121913 0.600056  0.625000 0.500000 0
0  484.123108 188.668198 2620.023682  -0.247918 -0.760986 0.599530  0.875000 0.500000 0
0  555.238342 213.579269 2620.023682  0.745071 -0.298487 0.596469  0.875000 0.750000 0
nodraw
0  701.364868 290.369995 316.894623  -0.157518 -0.751018 -0.641217  0.375000 0.250000 0
0  425.035217 178.369919 1468.459106  -0.343916 -0.936166 -0.072909  0.500000 0.250000 0
0  323.034088 328.614075 1468.459106  -0.995376 0.073195 -0.062209  0.500000 0.500000 0
nodraw
0  701.364868 290.369995 316.894623  -0.157518 -0.751018 -0.641217  0.375000 0.250000 0
0  805.848022 333.648376 316.894623  0.818327 -0.217416 -0.532044  0.375000 0.000000 0
0  425.035217 178.369919 1468.459106  -0.343916 -0.936166 -0.072909  0.500000 0.250000 0
nodraw
0  805.848022 333.648376 316.894623  0.818327 -0.217416 -0.532044  0.375000 0.000000 0
0  555.238342 213.579269 2620.023682  0.745071 -0.298487 0.596469  0.625000 0.000000 0
0  425.035217 178.369919 1468.459106  -0.343916 -0.936166 -0.072909  0.500000 0.250000 0
nodraw
0  333.881592 805.738525 316.894623  -0.211107 0.819895 -0.532171  0.375000 0.750000 0
0  242.769608 545.227600 2620.023682  -0.221692 0.765737 0.603738  0.625000 0.750000 0
0  431.240143 409.801880 2620.023682  0.802582 0.009360 0.596469  0.625000 1.000000 0
nodraw
0  324.422180 327.446167 1468.459106  0.040518 -0.996515 -0.072909  0.500000 0.250000 0
0  375.071320 359.572449 2620.023682  0.062169 -0.797934 0.599530  0.625000 0.250000 0
0  208.808563 475.929169 2620.023682  -0.777085 -0.189921 0.600057  0.625000 0.500000 0
nodraw
0  333.881592 805.738525 316.894623  -0.211107 0.819895 -0.532171  0.375000 0.750000 0
0  289.023621 702.010681 316.894623  -0.752574 -0.152200 -0.640678  0.375000 0.500000 0
0  172.689514 427.219513 1468.459106  -0.947618 -0.313290 -0.062209  0.500000 0.500000 0
nodraw
0  172.689514 427.219513 1468.459106  -0.947618 -0.313290 -0.062209  0.500000 0.500000 0
0  208.808563 475.929169 2620.023682  -0.777085 -0.189921 0.600057  0.625000 0.500000 0
0  242.769608 545.227600 2620.023682  -0.221692 0.765737 0.603738  0.625000 0.750000 0
nodraw
0  536.856934 536.667358 316.894623  0.141874 -0.754130 -0.641218  0.125000 0.500000 0
0  289.023621 702.010681 316.894623  -0.752574 -0.152200 -0.640678  0.375000 0.500000 0
0  333.881592 805.738525 316.894623  -0.211107 0.819895 -0.532171  0.375000 0.750000 0
nodraw
0  208.808563 475.929169 2620.023682  -0.777085 -0.189921 0.600057  0.625000 0.500000 0
0  375.071320 359.572449 2620.023682  0.062169 -0.797934 0.599530  0.875000 0.500000 0
0  431.240143 409.801880 2620.023682  0.802582 0.009360 0.596469  0.875000 0.750000 0
nodraw
0  536.856934 536.667358 316.894623  0.141874 -0.754130 -0.641218  0.375000 0.250000 0
0  324.422180 327.446167 1468.459106  0.040518 -0.996515 -0.072909  0.500000 0.250000 0
0  172.689514 427.219513 1468.459106  -0.947618 -0.313290 -0.062209  0.500000 0.500000 0
nodraw
0  536.856934 536.667358 316.894623  0.141874 -0.754130 -0.641218  0.375000 0.250000 0
0  616.824951 616.635315 316.894623  0.839237 0.112294 -0.532044  0.375000 0.000000 0
0  324.422180 327.446167 1468.459106  0.040518 -0.996515 -0.072909  0.500000 0.250000 0
nodraw
0  616.824951 616.635315 316.894623  0.839237 0.112294 -0.532044  0.375000 0.000000 0
0  431.240143 409.801880 2620.023682  0.802582 0.009360 0.596469  0.625000 0.000000 0
0  324.422180 327.446167 1468.459106  0.040518 -0.996515 -0.072909  0.500000 0.250000 0
nodraw
0  0.123322 872.176392 316.894623  -0.508798 0.676697 -0.532171  0.375000 0.750000 0
0  15.640137 596.628601 2620.023682  -0.497851 0.622611 0.603738  0.625000 0.750000 0
0  241.589401 543.636108 2620.023682  0.737907 0.315782 0.596469  0.625000 1.000000 0
nodraw
0  174.418701 426.671875 1468.459106  0.418784 -0.905154 -0.072909  0.500000 0.250000 0
0  208.918167 475.735291 2620.023682  0.362792 -0.713405 0.599530  0.625000 0.250000 0
0  10.783585 519.608887 2620.023682  -0.645254 -0.472842 0.600057  0.625000 0.500000 0
nodraw
0  0.123322 872.176392 316.894623  -0.508798 0.676697 -0.532171  0.375000 0.750000 0
0  -1.625092 759.177917 316.894623  -0.637043 -0.428612 -0.640678  0.375000 0.500000 0
0  -3.945663 460.784790 1468.459106  -0.755593 -0.652081 -0.062209  0.500000 0.500000 0
nodraw
0  -3.945663 460.784790 1468.459106  -0.755593 -0.652081 -0.062209  0.500000 0.500000 0
0  10.783585 519.608887 2620.023682  -0.645254 -0.472842 0.600057  0.625000 0.500000 0
0  15.640137 596.628601 2620.023682  -0.497851 0.622611 0.603738  0.625000 0.750000 0
nodraw
0  290.617218 701.262390 316.894623  0.419668 -0.642432 -0.641217  0.125000 0.500000 0
0  -1.625092 759.177917 316.894623  -0.637043 -0.428612 -0.640678  0.375000 0.500000 0
0  0.123322 872.176392 316.894623  -0.508798 0.676697 -0.532171  0.375000 0.750000 0
nodraw
0  10.783585 519.608887 2620.023682  -0.645254 -0.472842 0.600057  0.625000 0.500000 0
0  208.918167 475.735291 2620.023682  0.362792 -0.713405 0.599530  0.875000 0.500000 0
0  241.589401 543.636108 2620.023682  0.737907 0.315782 0.596469  0.875000 0.750000 0
nodraw
0  290.617218 701.262390 316.894623  0.419668 -0.642432 -0.641217  0.375000 0.250000 0
0  174.418701 426.671875 1468.459106  0.418784 -0.905154 -0.072909  0.500000 0.250000 0
0  -3.945663 460.784790 1468.459106  -0.755593 -0.652081 -0.062209  0.500000 0.500000 0
nodraw
0  290.617218 701.262390 316.894623  0.419668 -0.642432 -0.641217  0.375000 0.250000 0
0  333.895538 805.745605 316.894623  0.732381 0.424909 -0.532044  0.375000 0.000000 0
0  174.418701 426.671875 1468.459106  0.418784 -0.905154 -0.072909  0.500000 0.250000 0
nodraw
0  333.895538 805.745605 316.894623  0.732381 0.424909 -0.532044  0.375000 0.000000 0
0  241.589401 543.636108 2620.023682  0.737907 0.315782 0.596469  0.625000 0.000000 0
0  174.418701 426.671875 1468.459106  0.418784 -0.905154 -0.072909  0.500000 0.250000 0
nodraw
0  -333.653442 805.833130 316.894623  -0.729029 0.430478 -0.532171  0.375000 0.750000 0
0  -213.870209 557.198181 2620.023682  -0.698218 0.384698 0.603738  0.625000 0.750000 0
0  15.159023 594.706543 2620.023682  0.560893 0.574129 0.596469  0.625000 1.000000 0
nodraw
0  -2.138356 460.940552 1468.459106  0.733293 -0.675992 -0.072909  0.500000 0.250000 0
0  10.959236 519.471619 2620.023682  0.608185 -0.520265 0.599530  0.625000 0.250000 0
0  -188.882919 484.182678 2620.023682  -0.415188 -0.683777 0.600057  0.625000 0.500000 0
nodraw
0  -333.653442 805.833130 316.894623  -0.729029 0.430478 -0.532171  0.375000 0.750000 0
0  -292.026123 700.767090 316.894623  -0.424529 -0.639772 -0.640678  0.375000 0.500000 0
0  -179.979980 424.199707 1468.459106  -0.448537 -0.891597 -0.062209  0.500000 0.500000 0
nodraw
0  -179.979980 424.199707 1468.459106  -0.448537 -0.891597 -0.062209  0.500000 0.500000 0
0  -188.882919 484.182678 2620.023682  -0.415188 -0.683777 0.600057  0.625000 0.500000 0
0  -213.870209 557.198181 2620.023682  -0.698218 0.384698 0.603738  0.625000 0.750000 0
nodraw
0  0.133861 759.096375 316.894623  0.633571 -0.432930 -0.641218  0.125000 0.500000 0
0  -292.026123 700.767090 316.894623  -0.424529 -0.639772 -0.640678  0.375000 0.500000 0
0  -333.653442 805.833130 316.894623  -0.729029 0.430478 -0.532171  0.375000 0.750000 0
nodraw
0  -188.882919 484.182678 2620.023682  -0.415188 -0.683777 0.600057  0.625000 0.500000 0
0  10.959236 519.471619 2620.023682  0.608185 -0.520265 0.599530  0.875000 0.500000 0
0  15.159023 594.706543 2620.023682  0.560893 0.574129 0.596469  0.875000 0.750000 0
nodraw
0  0.133861 759.096375 316.894623  0.633571 -0.432930 -0.641218  0.375000 0.250000 0
0  -2.138356 460.940552 1468.459106  0.733293 -0.675992 -0.072909  0.500000 0.250000 0
0  -179.979980 424.199707 1468.459106  -0.448537 -0.891597 -0.062209  0.500000 0.500000 0
nodraw
0  0.133861 759.096375 316.894623  0.633571 -0.432930 -0.641218  0.375000 0.250000 0
0  0.133852 872.188171 316.894623  0.514027 0.672834 -0.532044  0.375000 0.000000 0
0  -2.138356 460.940552 1468.459106  0.733293 -0.675992 -0.072909  0.500000 0.250000 0
nodraw
0  0.133852 872.188171 316.894623  0.514027 0.672834 -0.532044  0.375000 0.000000 0
0  15.159023 594.706543 2620.023682  0.560893 0.574129 0.596469  0.625000 0.000000 0
0  -2.138356 460.940552 1468.459106  0.733293 -0.675992 -0.072909  0.500000 0.250000 0
nodraw
0  -616.634583 616.809143 316.894623  -0.838271 0.118723 -0.532171  0.375000 0.750000 0
0  -410.820831 432.939484 2620.023682  -0.792286 0.088219 0.603738  0.625000 0.750000 0
0  -213.579208 555.238403 2620.023682  0.298487 0.745071 0.596469  0.625000 1.000000 0
nodraw
0  -178.369873 425.035278 1468.459106  0.936166 -0.343916 -0.072909  0.500000 0.250000 0
0  -188.668152 484.123169 2620.023682  0.760986 -0.247921 0.599530  0.625000 0.250000 0
0  -359.793762 375.044189 2620.023682  -0.121914 -0.790613 0.600057  0.625000 0.500000 0
nodraw
0  -616.634583 616.809143 316.894623  -0.838271 0.118723 -0.532171  0.375000 0.750000 0
0  -537.968933 535.670898 316.894623  -0.147383 -0.753532 -0.640678  0.375000 0.500000 0
0  -328.614044 323.034119 1468.459106  -0.073195 -0.995376 -0.062209  0.500000 0.500000 0
nodraw
0  -328.614044 323.034119 1468.459106  -0.073195 -0.995376 -0.062209  0.500000 0.500000 0
0  -359.793762 375.044189 2620.023682  -0.121914 -0.790613 0.600057  0.625000 0.500000 0
0  -410.820831 432.939484 2620.023682  -0.792286 0.088219 0.603738  0.625000 0.750000 0
nodraw
0  -290.369934 701.364929 316.894623  0.751018 -0.157518 -0.641218  0.125000 0.500000 0
0  -537.968933 535.670898 316.894623  -0.147383 -0.753532 -0.640678  0.375000 0.500000 0
0  -616.634583 616.809143 316.894623  -0.838271 0.118723 -0.532171  0.375000 0.750000 0
nodraw
0  -359.793762 375.044189 2620.023682  -0.121914 -0.790613 0.600057  0.625000 0.500000 0
0  -188.668152 484.123169 2620.023682  0.760986 -0.247921 0.599530  0.875000 0.500000 0
0  -213.579208 555.238403 2620.023682  0.298487 0.745071 0.596469  0.875000 0.750000 0
nodraw
0  -290.369934 701.364929 316.894623  0.751018 -0.157518 -0.641218  0.375000 0.250000 0
0  -178.369873 425.035278 1468.459106  0.936166 -0.343916 -0.072909  0.500000 0.250000 0
0  -328.614044 323.034119 1468.459106  -0.073195 -0.995376 -0.062209  0.500000 0.500000 0
nodraw
0  -290.369934 701.364929 316.894623  0.751018 -0.157518 -0.641218  0.375000 0.250000 0
0  -333.648285 805.848145 316.894623  0.217416 0.818327 -0.532044  0.375000 0.000000 0
0  -178.369873 425.035278 1468.459106  0.936166 -0.343916 -0.072909  0.500000 0.250000 0
nodraw
0  -333.648285 805.848145 316.894623  0.217416 0.818327 -0.532044  0.375000 0.000000 0
0  -213.579208 555.238403 2620.023682  0.298487 0.745071 0.596469  0.625000 0.000000 0
0  -178.369873 425.035278 1468.459106  0.936166 -0.343916 -0.072909  0.500000 0.250000 0
nodraw
0  -805.738647 333.881348 316.894623  -0.819895 -0.211108 -0.532171  0.375000 0.750000 0
0  -545.227661 242.769485 2620.023682  -0.765736 -0.221692 0.603739  0.625000 0.750000 0
0  -409.801971 431.240051 2620.023682  -0.009360 0.802581 0.596469  0.625000 1.000000 0
nodraw
0  -327.446228 324.422119 1468.459106  0.996515 0.040518 -0.072909  0.500000 0.250000 0
0  -359.572540 375.071228 2620.023682  0.797934 0.062168 0.599531  0.625000 0.250000 0
0  -475.929230 208.808441 2620.023682  0.189923 -0.777085 0.600057  0.625000 0.500000 0
nodraw
0  -805.738647 333.881348 316.894623  -0.819895 -0.211108 -0.532171  0.375000 0.750000 0
0  -702.010742 289.023438 316.894623  0.152200 -0.752574 -0.640678  0.375000 0.500000 0
0  -427.219543 172.689423 1468.459106  0.313291 -0.947617 -0.062209  0.500000 0.500000 0
nodraw
0  -427.219543 172.689423 1468.459106  0.313291 -0.947617 -0.062209  0.500000 0.500000 0
0  -475.929230 208.808441 2620.023682  0.189923 -0.777085 0.600057  0.625000 0.500000 0
0  -545.227661 242.769485 2620.023682  -0.765736 -0.221692 0.603739  0.625000 0.750000 0
nodraw
0  -536.667480 536.856812 316.894623  0.754130 0.141875 -0.641217  0.125000 0.500000 0
0  -702.010742 289.023438 316.894623  0.152200 -0.752574 -0.640678  0.375000 0.500000 0
0  -805.738647 333.881348 316.894623  -0.819895 -0.211108 -0.532171  0.375000 0.750000 0
nodraw
0  -475.929230 208.808441 2620.023682  0.189923 -0.777085 0.600057  0.625000 0.500000 0
0  -359.572540 375.071228 2620.023682  0.797934 0.062168 0.599531  0.875000 0.500000 0
0  -409.801971 431.240051 2620.023682  -0.009360 0.802581 0.596469  0.875000 0.750000 0
nodraw
0  -536.667480 536.856812 316.894623  0.754130 0.141875 -0.641217  0.375000 0.250000 0
0  -327.446228 324.422119 1468.459106  0.996515 0.040518 -0.072909  0.500000 0.250000 0
0  -427.219543 172.689423 1468.459106  0.313291 -0.947617 -0.062209  0.500000 0.500000 0
nodraw
0  -536.667480 536.856812 316.894623  0.754130 0.141875 -0.641217  0.375000 0.250000 0
0  -616.635498 616.824768 316.894623  -0.112295 0.839237 -0.532044  0.375000 0.000000 0
0  -327.446228 324.422119 1468.459106  0.996515 0.040518 -0.072909  0.500000 0.250000 0
nodraw
0  -616.635498 616.824768 316.894623  -0.112295 0.839237 -0.532044  0.375000 0.000000 0
0  -409.801971 431.240051 2620.023682  -0.009360 0.802581 0.596469  0.625000 0.000000 0
0  -327.446228 324.422119 1468.459106  0.996515 0.040518 -0.072909  0.500000 0.250000 0
nodraw
0  -872.176392 0.123199 316.894623  -0.676697 -0.508798 -0.532171  0.375000 0.750000 0
0  -596.628540 15.640076 2620.023682  -0.622611 -0.497851 0.603738  0.625000 0.750000 0
0  -543.636169 241.589355 2620.023682  -0.315784 0.737906 0.596469  0.625000 1.000000 0
nodraw
0  -426.671906 174.418655 1468.459106  0.905154 0.418784 -0.072909  0.500000 0.250000 0
0  -475.735321 208.918121 2620.023682  0.713403 0.362793 0.599531  0.625000 0.250000 0
0  -519.608887 10.783539 2620.023682  0.472842 -0.645254 0.600057  0.625000 0.500000 0
nodraw
0  -872.176392 0.123199 316.894623  -0.676697 -0.508798 -0.532171  0.375000 0.750000 0
0  -759.177979 -1.625153 316.894623  0.428612 -0.637043 -0.640678  0.375000 0.500000 0
0  -460.784821 -3.945709 1468.459106  0.652081 -0.755593 -0.062209  0.500000 0.500000 0
nodraw
0  -460.784821 -3.945709 1468.459106  0.652081 -0.755593 -0.062209  0.500000 0.500000 0
0  -519.608887 10.783539 2620.023682  0.472842 -0.645254 0.600057  0.625000 0.500000 0
0  -596.628540 15.640076 2620.023682  -0.622611 -0.497851 0.603738  0.625000 0.750000 0
nodraw
0  -701.262451 290.617126 316.894623  0.642432 0.419668 -0.641218  0.125000 0.500000 0
0  -759.177979 -1.625153 316.894623  0.428612 -0.637043 -0.640678  0.375000 0.500000 0
0  -872.176392 0.123199 316.894623  -0.676697 -0.508798 -0.532171  0.375000 0.750000 0
nodraw
0  -519.608887 10.783539 2620.023682  0.472842 -0.645254 0.600057  0.625000 0.500000 0
0  -475.735321 208.918121 2620.023682  0.713403 0.362793 0.599531  0.875000 0.500000 0
0  -543.636169 241.589355 2620.023682  -0.315784 0.737906 0.596469  0.875000 0.750000 0
nodraw
0  -701.262451 290.617126 316.894623  0.642432 0.419668 -0.641218  0.375000 0.250000 0
0  -426.671906 174.418655 1468.459106  0.905154 0.418784 -0.072909  0.500000 0.250000 0
0  -460.784821 -3.945709 1468.459106  0.652081 -0.755593 -0.062209  0.500000 0.500000 0
nodraw
0  -701.262451 290.617126 316.894623  0.642432 0.419668 -0.641218  0.375000 0.250000 0
0  -805.745667 333.895477 316.894623  -0.424909 0.732381 -0.532044  0.375000 0.000000 0
0  -426.671906 174.418655 1468.459106  0.905154 0.418784 -0.072909  0.500000 0.250000 0
nodraw
0  -805.745667 333.895477 316.894623  -0.424909 0.732381 -0.532044  0.375000 0.000000 0
0  -543.636169 241.589355 2620.023682  -0.315784 0.737906 0.596469  0.625000 0.000000 0
0  -426.671906 174.418655 1468.459106  0.905154 0.418784 -0.072909  0.500000 0.250000 0
nodraw
0  -805.833069 -333.653381 316.894623  -0.430478 -0.729029 -0.532171  0.375000 0.750000 0
0  -557.198120 -213.870163 2620.023682  -0.384698 -0.698217 0.603738  0.625000 0.750000 0
0  -594.706482 15.159055 2620.023682  -0.574129 0.560892 0.596469  0.625000 1.000000 0
nodraw
0  -460.940521 -2.138332 1468.459106  0.675992 0.733293 -0.072909  0.500000 0.250000 0
0  -519.471558 10.959263 2620.023682  0.520266 0.608184 0.599530  0.625000 0.250000 0
0  -484.182678 -188.882874 2620.023682  0.683777 -0.415188 0.600057  0.625000 0.500000 0
nodraw
0  -805.833069 -333.653381 316.894623  -0.430478 -0.729029 -0.532171  0.375000 0.750000 0
0  -700.767029 -292.026062 316.894623  0.639772 -0.424529 -0.640678  0.375000 0.500000 0
0  -424.199707 -179.979950 1468.459106  0.891597 -0.448537 -0.062209  0.500000 0.500000 0
nodraw
0  -424.199707 -179.979950 1468.459106  0.891597 -0.448537 -0.062209  0.500000 0.500000 0
0  -484.182678 -188.882874 2620.023682  0.683777 -0.415188 0.600057  0.625000 0.500000 0
0  -557.198120 -213.870163 2620.023682  -0.384698 -0.698217 0.603738  0.625000 0.750000 0
nodraw
0  -759.096313 0.133902 316.894623  0.432930 0.633571 -0.641218  0.125000 0.500000 0
0  -700.767029 -292.026062 316.894623  0.639772 -0.424529 -0.640678  0.375000 0.500000 0
0  -805.833069 -333.653381 316.894623  -0.430478 -0.729029 -0.532171  0.375000 0.750000 0
nodraw
0  -484.182678 -188.882874 2620.023682  0.683777 -0.415188 0.600057  0.625000 0.500000 0
0  -519.471558 10.959263 2620.023682  0.520266 0.608184 0.599530  0.875000 0.500000 0
0  -594.706482 15.159055 2620.023682  -0.574129 0.560892 0.596469  0.875000 0.750000 0
nodraw
0  -759.096313 0.133902 316.894623  0.432930 0.633571 -0.641218  0.375000 0.250000 0
0  -460.940521 -2.138332 1468.459106  0.675992 0.733293 -0.072909  0.500000 0.250000 0
0  -424.199707 -179.979950 1468.459106  0.891597 -0.448537 -0.062209  0.500000 0.500000 0
nodraw
0  -759.096313 0.133902 316.894623  0.432930 0.633571 -0.641218  0.375000 0.250000 0
0  -872.188110 0.133898 316.894623  -0.672834 0.514027 -0.532044  0.375000 0.000000 0
0  -460.940521 -2.138332 1468.459106  0.675992 0.733293 -0.072909  0.500000 0.250000 0
nodraw
0  -872.188110 0.133898 316.894623  -0.672834 0.514027 -0.532044  0.375000 0.000000 0
0  -594.706482 15.159055 2620.023682  -0.574129 0.560892 0.596469  0.625000 0.000000 0
0  -460.940521 -2.138332 1468.459106  0.675992 0.733293 -0.072909  0.500000 0.250000 0
nodraw
0  -616.809082 -616.634644 316.894623  -0.118723 -0.838272 -0.532171  0.375000 0.750000 0
0  -432.939392 -410.820831 2620.023682  -0.088218 -0.792286 0.603738  0.625000 0.750000 0
0  -555.238342 -213.579254 2620.023682  -0.745070 0.298487 0.596469  0.625000 1.000000 0
nodraw
0  -425.035217 -178.369904 1468.459106  0.343916 0.936166 -0.072909  0.500000 0.250000 0
0  -484.123108 -188.668182 2620.023682  0.247921 0.760986 0.599530  0.625000 0.250000 0
0  -375.044128 -359.793762 2620.023682  0.790613 -0.121913 0.600057  0.625000 0.500000 0
nodraw
0  -616.809082 -616.634644 316.894623  -0.118723 -0.838272 -0.532171  0.375000 0.750000 0
0  -535.670776 -537.968933 316.894623  0.753532 -0.147383 -0.640678  0.375000 0.500000 0
0  -323.034088 -328.614044 1468.459106  0.995376 -0.073195 -0.062209  0.500000 0.500000 0
nodraw
0  -323.034088 -328.614044 1468.459106  0.995376 -0.073195 -0.062209  0.500000 0.500000 0
0  -375.044128 -359.793762 2620.023682  0.790613 -0.121913 0.600057  0.625000 0.500000 0
0  -432.939392 -410.820831 2620.023682  -0.088218 -0.792286 0.603738  0.625000 0.750000 0
nodraw
0  -701.364868 -290.369965 316.894623  0.157518 0.751018 -0.641217  0.125000 0.500000 0
0  -535.670776 -537.968933 316.894623  0.753532 -0.147383 -0.640678  0.375000 0.500000 0
0  -616.809082 -616.634644 316.894623  -0.118723 -0.838272 -0.532171  0.375000 0.750000 0
nodraw
0  -375.044128 -359.793762 2620.023682  0.790613 -0.121913 0.600057  0.625000 0.500000 0
0  -484.123108 -188.668182 2620.023682  0.247921 0.760986 0.599530  0.875000 0.500000 0
0  -555.238342 -213.579254 2620.023682  -0.745070 0.298487 0.596469  0.875000 0.750000 0
nodraw
0  -701.364868 -290.369965 316.894623  0.157518 0.751018 -0.641217  0.375000 0.250000 0
0  -425.035217 -178.369904 1468.459106  0.343916 0.936166 -0.072909  0.500000 0.250000 0
0  -323.034088 -328.614044 1468.459106  0.995376 -0.073195 -0.062209  0.500000 0.500000 0
nodraw
0  -701.364868 -290.369965 316.894623  0.157518 0.751018 -0.641217  0.375000 0.250000 0
0  -805.848022 -333.648346 316.894623  -0.818327 0.217416 -0.532044  0.375000 0.000000 0
0  -425.035217 -178.369904 1468.459106  0.343916 0.936166 -0.072909  0.500000 0.250000 0
nodraw
0  -805.848022 -333.648346 316.894623  -0.818327 0.217416 -0.532044  0.375000 0.000000 0
0  -555.238342 -213.579254 2620.023682  -0.745070 0.298487 0.596469  0.625000 0.000000 0
0  -425.035217 -178.369904 1468.459106  0.343916 0.936166 -0.072909  0.500000 0.250000 0
nodraw
0  -333.881317 -805.738647 316.894623  0.211107 -0.819895 -0.532171  0.375000 0.750000 0
0  -242.769424 -545.227722 2620.023682  0.221692 -0.765737 0.603738  0.625000 0.750000 0
0  -431.239990 -409.802032 2620.023682  -0.802581 -0.009360 0.596470  0.625000 1.000000 0
nodraw
0  -324.422089 -327.446289 1468.459106  -0.040518 0.996515 -0.072909  0.500000 0.250000 0
0  -375.071198 -359.572601 2620.023682  -0.062167 0.797934 0.599530  0.625000 0.250000 0
0  -208.808380 -475.929260 2620.023682  0.777086 0.189921 0.600057  0.625000 0.500000 0
nodraw
0  -333.881317 -805.738647 316.894623  0.211107 -0.819895 -0.532171  0.375000 0.750000 0
0  -289.023376 -702.010803 316.894623  0.752574 0.152200 -0.640678  0.375000 0.500000 0
0  -172.689362 -427.219604 1468.459106  0.947617 0.313291 -0.062209  0.500000 0.500000 0
nodraw
0  -172.689362 -427.219604 1468.459106  0.947617 0.313291 -0.062209  0.500000 0.500000 0
0  -208.808380 -475.929260 2620.023682  0.777086 0.189921 0.600057  0.625000 0.500000 0
0  -242.769424 -545.227722 2620.023682  0.221692 -0.765737 0.603738  0.625000 0.750000 0
nodraw
0  -536.856750 -536.667603 316.894623  -0.141874 0.754130 -0.641218  0.125000 0.500000 0
0  -289.023376 -702.010803 316.894623  0.752574 0.152200 -0.640678  0.375000 0.500000 0
0  -333.881317 -805.738647 316.894623  0.211107 -0.819895 -0.532171  0.375000 0.750000 0
nodraw
0  -208.808380 -475.929260 2620.023682  0.777086 0.189921 0.600057  0.625000 0.500000 0
0  -375.071198 -359.572601 2620.023682  -0.062167 0.797934 0.599530  0.875000 0.500000 0
0  -431.239990 -409.802032 2620.023682  -0.802581 -0.009360 0.596470  0.875000 0.750000 0
nodraw
0  -536.856750 -536.667603 316.894623  -0.141874 0.754130 -0.641218  0.375000 0.250000 0
0  -324.422089 -327.446289 1468.459106  -0.040518 0.996515 -0.072909  0.500000 0.250000 0
0  -172.689362 -427.219604 1468.459106  0.947617 0.313291 -0.062209  0.500000 0.500000 0
nodraw
0  -536.856750 -536.667603 316.894623  -0.141874 0.754130 -0.641218  0.375000 0.250000 0
0  -616.824707 -616.635559 316.894623  -0.839238 -0.112294 -0.532044  0.375000 0.000000 0
0  -324.422089 -327.446289 1468.459106  -0.040518 0.996515 -0.072909  0.500000 0.250000 0
nodraw
0  -616.824707 -616.635559 316.894623  -0.839238 -0.112294 -0.532044  0.375000 0.000000 0
0  -431.239990 -409.802032 2620.023682  -0.802581 -0.009360 0.596470  0.625000 0.000000 0
0  -324.422089 -327.446289 1468.459106  -0.040518 0.996515 -0.072909  0.500000 0.250000 0
nodraw
0  -0.123444 -872.176331 316.894623  0.508798 -0.676697 -0.532171  0.375000 0.750000 0
0  -15.640244 -596.628540 2620.023682  0.497851 -0.622611 0.603738  0.625000 0.750000 0
0  -241.589493 -543.636047 2620.023682  -0.737907 -0.315782 0.596469  0.625000 1.000000 0
nodraw
0  -174.418762 -426.671844 1468.459106  -0.418784 0.905154 -0.072909  0.500000 0.250000 0
0  -208.918243 -475.735260 2620.023682  -0.362792 0.713404 0.599530  0.625000 0.250000 0
0  -10.783676 -519.608887 2620.023682  0.645254 0.472842 0.600057  0.625000 0.500000 0
nodraw
0  -0.123444 -872.176331 316.894623  0.508798 -0.676697 -0.532171  0.375000 0.750000 0
0  1.624969 -759.177917 316.894623  0.637043 0.428612 -0.640678  0.375000 0.500000 0
0  3.945587 -460.784790 1468.459106  0.755593 0.652080 -0.062209  0.500000 0.500000 0
nodraw
0  3.945587 -460.784790 1468.459106  0.755593 0.652080 -0.062209  0.500000 0.500000 0
0  -10.783676 -519.608887 2620.023682  0.645254 0.472842 0.600057  0.625000 0.500000 0
0  -15.640244 -596.628540 2620.023682  0.497851 -0.622611 0.603738  0.625000 0.750000 0
nodraw
0  -290.617310 -701.262329 316.894623  -0.419668 0.642432 -0.641217  0.125000 0.500000 0
0  1.624969 -759.177917 316.894623  0.637043 0.428612 -0.640678  0.375000 0.500000 0
0  -0.123444 -872.176331 316.894623  0.508798 -0.676697 -0.532171  0.375000 0.750000 0
nodraw
0  -10.783676 -519.608887 2620.023682  0.645254 0.472842 0.600057  0.625000 0.500000 0
0  -208.918243 -475.735260 2620.023682  -0.362792 0.713404 0.599530  0.875000 0.500000 0
0  -241.589493 -543.636047 2620.023682  -0.737907 -0.315782 0.596469  0.875000 0.750000 0
nodraw
0  -290.617310 -701.262329 316.894623  -0.419668 0.642432 -0.641217  0.375000 0.250000 0
0  -174.418762 -426.671844 1468.459106  -0.418784 0.905154 -0.072909  0.500000 0.250000 0
0  3.945587 -460.784790 1468.459106  0.755593 0.652080 -0.062209  0.500000 0.500000 0
nodraw
0  -290.617310 -701.262329 316.894623  -0.419668 0.642432 -0.641217  0.375000 0.250000 0
0  -333.895691 -805.745544 316.894623  -0.732381 -0.424908 -0.532044  0.375000 0.000000 0
0  -174.418762 -426.671844 1468.459106  -0.418784 0.905154 -0.072909  0.500000 0.250000 0
nodraw
0  -333.895691 -805.745544 316.894623  -0.732381 -0.424908 -0.532044  0.375000 0.000000 0
0  -241.589493 -543.636047 2620.023682  -0.737907 -0.315782 0.596469  0.625000 0.000000 0
0  -174.418762 -426.671844 1468.459106  -0.418784 0.905154 -0.072909  0.500000 0.250000 0
nodraw
0  0.046719 -1028.056763 -97.175644  -0.551634 -0.603790 -0.575445  0.375000 0.000000 0
0  -7.047567 -761.682312 44.436871  -0.630885 0.508140 0.586326  0.625000 0.250000 0
0  -7.047567 -761.682312 -97.175644  -0.630897 0.508122 -0.586329  0.375000 0.250000 0
nodraw
0  284.743958 -706.142151 -97.175636  0.372944 0.715574 -0.590650  0.375000 0.500000 0
0  393.946808 -949.508118 44.436871  0.751799 -0.326957 0.572623  0.625000 0.750000 0
0  393.946808 -949.508118 -97.175644  0.751805 -0.326959 -0.572614  0.375000 0.750000 0
nodraw
0  201.095398 -1015.259216 -97.175644  0.143107 -0.720486 -0.678543  0.375000 0.875000 0
0  0.046719 -1028.056763 44.436871  -0.551638 -0.603794 0.575437  0.625000 1.000000 0
0  0.046719 -1028.056763 -97.175644  -0.551634 -0.603790 -0.575445  0.375000 1.000000 0
nodraw
0  -7.047567 -761.682312 -97.175644  -0.630897 0.508122 -0.586329  0.375000 0.250000 0
0  284.743958 -706.142151 44.436878  0.372960 0.715563 0.590653  0.625000 0.500000 0
0  284.743958 -706.142151 -97.175636  0.372944 0.715574 -0.590650  0.375000 0.500000 0
nodraw
0  284.743958 -706.142151 -97.175636  0.372944 0.715574 -0.590650  0.375000 0.500000 0
0  393.946808 -949.508118 -97.175644  0.751805 -0.326959 -0.572614  0.375000 0.750000 0
0  201.095398 -1015.259216 -97.175644  0.143107 -0.720486 -0.678543  0.250000 0.750000 0
nodraw
0  393.946808 -949.508118 -97.175644  0.751805 -0.326959 -0.572614  0.375000 0.750000 0
0  201.095398 -1015.259216 44.436871  0.143109 -0.720485 0.678544  0.625000 0.875000 0
0  201.095398 -1015.259216 -97.175644  0.143107 -0.720486 -0.678543  0.375000 0.875000 0
nodraw
0  -7.047567 -761.682312 44.436871  -0.630885 0.508140 0.586326  0.875000 0.500000 0
0  0.046719 -1028.056763 44.436871  -0.551638 -0.603794 0.575437  0.875000 0.750000 0
0  201.095398 -1015.259216 44.436871  0.143109 -0.720485 0.678544  0.750000 0.750000 0
nodraw
0  393.463470 -949.782715 -97.175644  -0.278583 -0.768930 -0.575445  0.375000 0.000000 0
0  284.972107 -706.399658 44.436871  -0.777318 0.228030 0.586326  0.625000 0.250000 0
0  284.972107 -706.399658 -97.175644  -0.777322 0.228010 -0.586329  0.375000 0.250000 0
nodraw
0  533.297974 -543.423462 -97.175636  0.070717 0.803823 -0.590650  0.375000 0.500000 0
0  727.320435 -726.474121 44.436871  0.819693 -0.014368 0.572623  0.625000 0.750000 0
0  727.320435 -726.474121 -97.175644  0.819699 -0.014367 -0.572614  0.375000 0.750000 0
nodraw
0  574.310852 -861.021301 -97.175644  0.407931 -0.610877 -0.678543  0.375000 0.875000 0
0  393.463470 -949.782715 44.436871  -0.278585 -0.768936 0.575437  0.625000 1.000000 0
0  393.463470 -949.782715 -97.175644  -0.278583 -0.768930 -0.575445  0.375000 1.000000 0
nodraw
0  284.972107 -706.399658 -97.175644  -0.777322 0.228010 -0.586329  0.375000 0.250000 0
0  533.297974 -543.423462 44.436878  0.070736 0.803820 0.590653  0.625000 0.500000 0
0  533.297974 -543.423462 -97.175636  0.070717 0.803823 -0.590650  0.375000 0.500000 0
nodraw
0  533.297974 -543.423462 -97.175636  0.070717 0.803823 -0.590650  0.375000 0.500000 0
0  727.320435 -726.474121 -97.175644  0.819699 -0.014367 -0.572614  0.375000 0.750000 0
0  574.310852 -861.021301 -97.175644  0.407931 -0.610877 -0.678543  0.250000 0.750000 0
nodraw
0  727.320435 -726.474121 -97.175644  0.819699 -0.014367 -0.572614  0.375000 0.750000 0
0  574.310852 -861.021301 44.436871  0.407933 -0.610876 0.678544  0.625000 0.875000 0
0  574.310852 -861.021301 -97.175644  0.407931 -0.610877 -0.678543  0.375000 0.875000 0
nodraw
0  284.972107 -706.399658 44.436871  -0.777318 0.228030 0.586326  0.875000 0.500000 0
0  393.463470 -949.782715 44.436871  -0.278585 -0.768936 0.575437  0.875000 0.750000 0
0  574.310852 -861.021301 44.436871  0.407933 -0.610876 0.678544  0.750000 0.750000 0
nodraw
0  726.979004 -726.912903 -97.175644  0.036880 -0.817008 -0.575445  0.375000 0.000000 0
0  533.607361 -543.574097 44.436871  -0.805412 -0.086794 0.586326  0.625000 0.250000 0
0  533.607361 -543.574097 -97.175644  -0.805408 -0.086815 -0.586329  0.375000 0.250000 0
nodraw
0  700.662292 -297.973511 -97.175636  -0.242276 0.769698 -0.590650  0.375000 0.500000 0
0  949.966187 -392.841156 44.436871  0.762796 0.300408 0.572623  0.625000 0.750000 0
0  949.966187 -392.841156 -97.175644  0.762801 0.300412 -0.572614  0.375000 0.750000 0
nodraw
0  860.092651 -575.700745 -97.175644  0.610652 -0.408268 -0.678543  0.375000 0.875000 0
0  726.979004 -726.912903 44.436871  0.036880 -0.817014 0.575437  0.625000 1.000000 0
0  726.979004 -726.912903 -97.175644  0.036880 -0.817008 -0.575445  0.375000 1.000000 0
nodraw
0  533.607361 -543.574097 -97.175644  -0.805408 -0.086815 -0.586329  0.375000 0.250000 0
0  700.662292 -297.973511 44.436878  -0.242257 0.769702 0.590653  0.625000 0.500000 0
0  700.662292 -297.973511 -97.175636  -0.242276 0.769698 -0.590650  0.375000 0.500000 0
nodraw
0  700.662292 -297.973511 -97.175636  -0.242276 0.769698 -0.590650  0.375000 0.500000 0
0  949.966187 -392.841156 -97.175644  0.762801 0.300412 -0.572614  0.375000 0.750000 0
0  860.092651 -575.700745 -97.175644  0.610652 -0.408268 -0.678543  0.250000 0.750000 0
nodraw
0  949.966187 -392.841156 -97.175644  0.762801 0.300412 -0.572614  0.375000 0.750000 0
0  860.092651 -575.700745 44.436871  0.610653 -0.408266 0.678544  0.625000 0.875000 0
0  860.092651 -575.700745 -97.175644  0.610652 -0.408268 -0.678543  0.375000 0.875000 0
nodraw
0  533.607361 -543.574097 44.436871  -0.805412 -0.086794 0.586326  0.875000 0.500000 0
0  726.979004 -726.912903 44.436871  0.036880 -0.817014 0.575437  0.875000 0.750000 0
0  860.092651 -575.700745 44.436871  0.610653 -0.408266 0.678544  0.750000 0.750000 0
nodraw
0  949.818604 -393.377106 -97.175644  0.346728 -0.740704 -0.575445  0.375000 0.000000 0
0  701.005798 -297.994293 44.436871  -0.710889 -0.388405 0.586326  0.625000 0.250000 0
0  701.005798 -297.994293 -97.175644  -0.710877 -0.388423 -0.586329  0.375000 0.250000 0
nodraw
0  761.357117 -7.159729 -97.175636  -0.518384 0.618393 -0.590650  0.375000 0.500000 0
0  1027.988037 0.598450 44.436871  0.589770 0.569451 0.572623  0.625000 0.750000 0
0  1027.988037 0.598450 -97.175644  0.589774 0.569456 -0.572614  0.375000 0.750000 0
nodraw
0  1014.933167 -202.734924 -97.175644  0.720407 -0.143504 -0.678543  0.375000 0.875000 0
0  949.818604 -393.377106 44.436871  0.346731 -0.740709 0.575437  0.625000 1.000000 0
0  949.818604 -393.377106 -97.175644  0.346728 -0.740704 -0.575445  0.375000 1.000000 0
nodraw
0  701.005798 -297.994293 -97.175644  -0.710877 -0.388423 -0.586329  0.375000 0.250000 0
0  761.357117 -7.159729 44.436878  -0.518368 0.618404 0.590652  0.625000 0.500000 0
0  761.357117 -7.159729 -97.175636  -0.518384 0.618393 -0.590650  0.375000 0.500000 0
nodraw
0  761.357117 -7.159729 -97.175636  -0.518384 0.618393 -0.590650  0.375000 0.500000 0
0  1027.988037 0.598450 -97.175644  0.589774 0.569456 -0.572614  0.375000 0.750000 0
0  1014.933167 -202.734924 -97.175644  0.720407 -0.143504 -0.678543  0.250000 0.750000 0
nodraw
0  1027.988037 0.598450 -97.175644  0.589774 0.569456 -0.572614  0.375000 0.750000 0
0  1014.933167 -202.734924 44.436871  0.720407 -0.143502 0.678544  0.625000 0.875000 0
0  1014.933167 -202.734924 -97.175644  0.720407 -0.143504 -0.678543  0.375000 0.875000 0
nodraw
0  701.005798 -297.994293 44.436871  -0.710889 -0.388405 0.586326  0.875000 0.500000 0
0  949.818604 -393.377106 44.436871  0.346731 -0.740709 0.575437  0.875000 0.750000 0
0  1014.933167 -202.734924 44.436871  0.720407 -0.143502 0.678544  0.750000 0.750000 0
nodraw
0  1028.056641 0.046683 -97.175644  0.603790 -0.551634 -0.575445  0.375000 0.000000 0
0  761.682251 -7.047593 44.436871  -0.508140 -0.630885 0.586326  0.625000 0.250000 0
0  761.682251 -7.047593 -97.175644  -0.508122 -0.630897 -0.586329  0.375000 0.250000 0
nodraw
0  706.142090 284.743896 -97.175636  -0.715574 0.372944 -0.590650  0.375000 0.500000 0
0  949.508057 393.946747 44.436871  0.326958 0.751799 0.572623  0.625000 0.750000 0
0  949.508057 393.946747 -97.175644  0.326959 0.751805 -0.572614  0.375000 0.750000 0
nodraw
0  1015.259155 201.095352 -97.175644  0.720485 0.143107 -0.678543  0.375000 0.875000 0
0  1028.056641 0.046683 44.436871  0.603794 -0.551639 0.575437  0.625000 1.000000 0
0  1028.056641 0.046683 -97.175644  0.603790 -0.551634 -0.575445  0.375000 1.000000 0
nodraw
0  761.682251 -7.047593 -97.175644  -0.508122 -0.630897 -0.586329  0.375000 0.250000 0
0  706.142090 284.743896 44.436878  -0.715563 0.372960 0.590653  0.625000 0.500000 0
0  706.142090 284.743896 -97.175636  -0.715574 0.372944 -0.590650  0.375000 0.500000 0
nodraw
0  706.142090 284.743896 -97.175636  -0.715574 0.372944 -0.590650  0.375000 0.500000 0
0  949.508057 393.946747 -97.175644  0.326959 0.751805 -0.572614  0.375000 0.750000 0
0  1015.259155 201.095352 -97.175644  0.720485 0.143107 -0.678543  0.250000 0.750000 0
nodraw
0  949.508057 393.946747 -97.175644  0.326959 0.751805 -0.572614  0.375000 0.750000 0
0  1015.259155 201.095352 44.436871  0.720485 0.143109 0.678544  0.625000 0.875000 0
0  1015.259155 201.095352 -97.175644  0.720485 0.143107 -0.678543  0.375000 0.875000 0
nodraw
0  761.682251 -7.047593 44.436871  -0.508140 -0.630885 0.586326  0.875000 0.500000 0
0  1028.056641 0.046683 44.436871  0.603794 -0.551639 0.575437  0.875000 0.750000 0
0  1015.259155 201.095352 44.436871  0.720485 0.143109 0.678544  0.750000 0.750000 0
nodraw
0  949.782715 393.463593 -97.175644  0.768930 -0.278583 -0.575445  0.375000 0.000000 0
0  706.399658 284.972198 44.436871  -0.228030 -0.777318 0.586326  0.625000 0.250000 0
0  706.399658 284.972198 -97.175644  -0.228010 -0.777322 -0.586329  0.375000 0.250000 0
nodraw
0  543.423401 533.298096 -97.175636  -0.803823 0.070717 -0.590650  0.375000 0.500000 0
0  726.474121 727.320557 44.436871  0.014368 0.819693 0.572623  0.625000 0.750000 0
0  726.474121 727.320557 -97.175644  0.014367 0.819699 -0.572614  0.375000 0.750000 0
nodraw
0  861.021240 574.310974 -97.175644  0.610877 0.407932 -0.678543  0.375000 0.875000 0
0  949.782715 393.463593 44.436871  0.768936 -0.278585 0.575437  0.625000 1.000000 0
0  949.782715 393.463593 -97.175644  0.768930 -0.278583 -0.575445  0.375000 1.000000 0
nodraw
0  706.399658 284.972198 -97.175644  -0.228010 -0.777322 -0.586329  0.375000 0.250000 0
0  543.423401 533.298096 44.436878  -0.803820 0.070736 0.590652  0.625000 0.500000 0
0  543.423401 533.298096 -97.175636  -0.803823 0.070717 -0.590650  0.375000 0.500000 0
nodraw
0  543.423401 533.298096 -97.175636  -0.803823 0.070717 -0.590650  0.375000 0.500000 0
0  726.474121 727.320557 -97.175644  0.014367 0.819699 -0.572614  0.375000 0.750000 0
0  861.021240 574.310974 -97.175644  0.610877 0.407932 -0.678543  0.250000 0.750000 0
nodraw
0  726.474121 727.320557 -97.175644  0.014367 0.819699 -0.572614  0.375000 0.750000 0
0  861.021240 574.310974 44.436871  0.610875 0.407933 0.678544  0.625000 0.875000 0
0  861.021240 574.310974 -97.175644  0.610877 0.407932 -0.678543  0.375000 0.875000 0
nodraw
0  706.399658 284.972198 44.436871  -0.228030 -0.777318 0.586326  0.875000 0.500000 0
0  949.782715 393.463593 44.436871  0.768936 -0.278585 0.575437  0.875000 0.750000 0
0  861.021240 574.310974 44.436871  0.610875 0.407933 0.678544  0.750000 0.750000 0
nodraw
0  726.912964 726.978821 -97.175644  0.817008 0.036880 -0.575445  0.375000 0.000000 0
0  543.574158 533.607239 44.436871  0.086794 -0.805412 0.586326  0.625000 0.250000 0
0  543.574158 533.607239 -97.175644  0.086814 -0.805408 -0.586329  0.375000 0.250000 0
nodraw
0  297.973572 700.662231 -97.175636  -0.769698 -0.242276 -0.590650  0.375000 0.500000 0
0  392.841278 949.965942 44.436871  -0.300408 0.762796 0.572623  0.625000 0.750000 0
0  392.841278 949.965942 -97.175644  -0.300412 0.762801 -0.572614  0.375000 0.750000 0
nodraw
0  575.700806 860.092468 -97.175644  0.408268 0.610652 -0.678543  0.375000 0.875000 0
0  726.912964 726.978821 44.436871  0.817014 0.036880 0.575437  0.625000 1.000000 0
0  726.912964 726.978821 -97.175644  0.817008 0.036880 -0.575445  0.375000 1.000000 0
nodraw
0  543.574158 533.607239 -97.175644  0.086814 -0.805408 -0.586329  0.375000 0.250000 0
0  297.973572 700.662231 44.436878  -0.769702 -0.242257 0.590652  0.625000 0.500000 0
0  297.973572 700.662231 -97.175636  -0.769698 -0.242276 -0.590650  0.375000 0.500000 0
nodraw
0  297.973572 700.662231 -97.175636  -0.769698 -0.242276 -0.590650  0.375000 0.500000 0
0  392.841278 949.965942 -97.175644  -0.300412 0.762801 -0.572614  0.375000 0.750000 0
0  575.700806 860.092468 -97.175644  0.408268 0.610652 -0.678543  0.250000 0.750000 0
nodraw
0  392.841278 949.965942 -97.175644  -0.300412 0.762801 -0.572614  0.375000 0.750000 0
0  575.700806 860.092468 44.436871  0.408266 0.610653 0.678544  0.625000 0.875000 0
0  575.700806 860.092468 -97.175644  0.408268 0.610652 -0.678543  0.375000 0.875000 0
nodraw
0  543.574158 533.607239 44.436871  0.086794 -0.805412 0.586326  0.875000 0.500000 0
0  726.912964 726.978821 44.436871  0.817014 0.036880 0.575437  0.875000 0.750000 0
0  575.700806 860.092468 44.436871  0.408266 0.610653 0.678544  0.750000 0.750000 0
nodraw
0  393.376984 949.818604 -97.175644  0.740704 0.346728 -0.575445  0.375000 0.000000 0
0  297.994202 701.005798 44.436871  0.388405 -0.710889 0.586326  0.625000 0.250000 0
0  297.994202 701.005798 -97.175644  0.388423 -0.710877 -0.586329  0.375000 0.250000 0
nodraw
0  7.159637 761.357056 -97.175636  -0.618393 -0.518385 -0.590650  0.375000 0.500000 0
0  -0.598572 1027.988037 44.436871  -0.569451 0.589770 0.572623  0.625000 0.750000 0
0  -0.598572 1027.988037 -97.175644  -0.569456 0.589774 -0.572614  0.375000 0.750000 0
nodraw
0  202.734802 1014.933167 -97.175644  0.143504 0.720406 -0.678543  0.375000 0.875000 0
0  393.376984 949.818604 44.436871  0.740710 0.346731 0.575437  0.625000 1.000000 0
0  393.376984 949.818604 -97.175644  0.740704 0.346728 -0.575445  0.375000 1.000000 0
nodraw
0  297.994202 701.005798 -97.175644  0.388423 -0.710877 -0.586329  0.375000 0.250000 0
0  7.159637 761.357056 44.436878  -0.618404 -0.518368 0.590653  0.625000 0.500000 0
0  7.159637 761.357056 -97.175636  -0.618393 -0.518385 -0.590650  0.375000 0.500000 0
nodraw
0  7.159637 761.357056 -97.175636  -0.618393 -0.518385 -0.590650  0.375000 0.500000 0
0  -0.598572 1027.988037 -97.175644  -0.569456 0.589774 -0.572614  0.375000 0.750000 0
0  202.734802 1014.933167 -97.175644  0.143504 0.720406 -0.678543  0.250000 0.750000 0
nodraw
0  -0.598572 1027.988037 -97.175644  -0.569456 0.589774 -0.572614  0.375000 0.750000 0
0  202.734802 1014.933167 44.436871  0.143502 0.720407 0.678544  0.625000 0.875000 0
0  202.734802 1014.933167 -97.175644  0.143504 0.720406 -0.678543  0.375000 0.875000 0
nodraw
0  297.994202 701.005798 44.436871  0.388405 -0.710889 0.586326  0.875000 0.500000 0
0  393.376984 949.818604 44.436871  0.740710 0.346731 0.575437  0.875000 0.750000 0
0  202.734802 1014.933167 44.436871  0.143502 0.720407 0.678544  0.750000 0.750000 0
nodraw
0  -0.046809 1028.056763 -97.175644  0.551634 0.603790 -0.575445  0.375000 0.000000 0
0  7.047501 761.682312 44.436871  0.630885 -0.508140 0.586326  0.625000 0.250000 0
0  7.047501 761.682312 -97.175644  0.630897 -0.508122 -0.586329  0.375000 0.250000 0
nodraw
0  -284.744019 706.142151 -97.175636  -0.372944 -0.715574 -0.590650  0.375000 0.500000 0
0  -393.946899 949.508057 44.436871  -0.751799 0.326957 0.572623  0.625000 0.750000 0
0  -393.946899 949.508057 -97.175644  -0.751805 0.326958 -0.572614  0.375000 0.750000 0
nodraw
0  -201.095490 1015.259216 -97.175644  -0.143107 0.720485 -0.678543  0.375000 0.875000 0
0  -0.046809 1028.056763 44.436871  0.551638 0.603794 0.575437  0.625000 1.000000 0
0  -0.046809 1028.056763 -97.175644  0.551634 0.603790 -0.575445  0.375000 1.000000 0
nodraw
0  7.047501 761.682312 -97.175644  0.630897 -0.508122 -0.586329  0.375000 0.250000 0
0  -284.744019 706.142151 44.436878  -0.372960 -0.715563 0.590653  0.625000 0.500000 0
0  -284.744019 706.142151 -97.175636  -0.372944 -0.715574 -0.590650  0.375000 0.500000 0
nodraw
0  -284.744019 706.142151 -97.175636  -0.372944 -0.715574 -0.590650  0.375000 0.500000 0
0  -393.946899 949.508057 -97.175644  -0.751805 0.326958 -0.572614  0.375000 0.750000 0
0  -201.095490 1015.259216 -97.175644  -0.143107 0.720485 -0.678543  0.250000 0.750000 0
nodraw
0  -393.946899 949.508057 -97.175644  -0.751805 0.326958 -0.572614  0.375000 0.750000 0
0  -201.095490 1015.259216 44.436871  -0.143109 0.720485 0.678544  0.625000 0.875000 0
0  -201.095490 1015.259216 -97.175644  -0.143107 0.720485 -0.678543  0.375000 0.875000 0
nodraw
0  7.047501 761.682312 44.436871  0.630885 -0.508140 0.586326  0.875000 0.500000 0
0  -0.046809 1028.056763 44.436871  0.551638 0.603794 0.575437  0.875000 0.750000 0
0  -201.095490 1015.259216 44.436871  -0.143109 0.720485 0.678544  0.750000 0.750000 0
nodraw
0  -393.463501 949.782837 -97.175644  0.278583 0.768930 -0.575445  0.375000 0.000000 0
0  -284.972137 706.399719 44.436871  0.777318 -0.228031 0.586326  0.625000 0.250000 0
0  -284.972137 706.399719 -97.175644  0.777322 -0.228010 -0.586329  0.375000 0.250000 0
nodraw
0  -533.298096 543.423523 -97.175636  -0.070717 -0.803823 -0.590650  0.375000 0.500000 0
0  -727.320557 726.474243 44.436871  -0.819693 0.014368 0.572623  0.625000 0.750000 0
0  -727.320557 726.474243 -97.175644  -0.819699 0.014367 -0.572614  0.375000 0.750000 0
nodraw
0  -574.310913 861.021423 -97.175644  -0.407931 0.610877 -0.678543  0.375000 0.875000 0
0  -393.463501 949.782837 44.436871  0.278586 0.768936 0.575437  0.625000 1.000000 0
0  -393.463501 949.782837 -97.175644  0.278583 0.768930 -0.575445  0.375000 1.000000 0
nodraw
0  -284.972137 706.399719 -97.175644  0.777322 -0.228010 -0.586329  0.375000 0.250000 0
0  -533.298096 543.423523 44.436878  -0.070736 -0.803820 0.590653  0.625000 0.500000 0
0  -533.298096 543.423523 -97.175636  -0.070717 -0.803823 -0.590650  0.375000 0.500000 0
nodraw
0  -533.298096 543.423523 -97.175636  -0.070717 -0.803823 -0.590650  0.375000 0.500000 0
0  -727.320557 726.474243 -97.175644  -0.819699 0.014367 -0.572614  0.375000 0.750000 0
0  -574.310913 861.021423 -97.175644  -0.407931 0.610877 -0.678543  0.250000 0.750000 0
nodraw
0  -727.320557 726.474243 -97.175644  -0.819699 0.014367 -0.572614  0.375000 0.750000 0
0  -574.310913 861.021423 44.436871  -0.407933 0.610876 0.678544  0.625000 0.875000 0
0  -574.310913 861.021423 -97.175644  -0.407931 0.610877 -0.678543  0.375000 0.875000 0
nodraw
0  -284.972137 706.399719 44.436871  0.777318 -0.228031 0.586326  0.875000 0.500000 0
0  -393.463501 949.782837 44.436871  0.278586 0.768936 0.575437  0.875000 0.750000 0
0  -574.310913 861.021423 44.436871  -0.407933 0.610876 0.678544  0.750000 0.750000 0
nodraw
0  -726.979004 726.912781 -97.175644  -0.036880 0.817008 -0.575445  0.375000 0.000000 0
0  -533.607361 543.574036 44.436871  0.805412 0.086794 0.586326  0.625000 0.250000 0
0  -533.607361 543.574036 -97.175644  0.805408 0.086815 -0.586329  0.375000 0.250000 0
nodraw
0  -700.662292 297.973419 -97.175636  0.242276 -0.769698 -0.590650  0.375000 0.500000 0
0  -949.966064 392.841034 44.436871  -0.762796 -0.300409 0.572623  0.625000 0.750000 0
0  -949.966064 392.841034 -97.175644  -0.762801 -0.300412 -0.572614  0.375000 0.750000 0
nodraw
0  -860.092651 575.700623 -97.175644  -0.610652 0.408268 -0.678543  0.375000 0.875000 0
0  -726.979004 726.912781 44.436871  -0.036880 0.817014 0.575437  0.625000 1.000000 0
0  -726.979004 726.912781 -97.175644  -0.036880 0.817008 -0.575445  0.375000 1.000000 0
nodraw
0  -533.607361 543.574036 -97.175644  0.805408 0.086815 -0.586329  0.375000 0.250000 0
0  -700.662292 297.973419 44.436878  0.242257 -0.769702 0.590653  0.625000 0.500000 0
0  -700.662292 297.973419 -97.175636  0.242276 -0.769698 -0.590650  0.375000 0.500000 0
nodraw
0  -700.662292 297.973419 -97.175636  0.242276 -0.769698 -0.590650  0.375000 0.500000 0
0  -949.966064 392.841034 -97.175644  -0.762801 -0.300412 -0.572614  0.375000 0.750000 0
0  -860.092651 575.700623 -97.175644  -0.610652 0.408268 -0.678543  0.250000 0.750000 0
nodraw
0  -949.966064 392.841034 -97.175644  -0.762801 -0.300412 -0.572614  0.375000 0.750000 0
0  -860.092651 575.700623 44.436871  -0.610653 0.408266 0.678544  0.625000 0.875000 0
0  -860.092651 575.700623 -97.175644  -0.610652 0.408268 -0.678543  0.375000 0.875000 0
nodraw
0  -533.607361 543.574036 44.436871  0.805412 0.086794 0.586326  0.875000 0.500000 0
0  -726.979004 726.912781 44.436871  -0.036880 0.817014 0.575437  0.875000 0.750000 0
0  -860.092651 575.700623 44.436871  -0.610653 0.408266 0.678544  0.750000 0.750000 0
nodraw
0  -949.818665 393.376892 -97.175644  -0.346728 0.740704 -0.575445  0.375000 0.000000 0
0  -701.005859 297.994110 44.436871  0.710889 0.388405 0.586326  0.625000 0.250000 0
0  -701.005859 297.994110 -97.175644  0.710877 0.388423 -0.586329  0.375000 0.250000 0
nodraw
0  -761.357117 7.159576 -97.175636  0.518385 -0.618393 -0.590650  0.375000 0.500000 0
0  -1027.988037 -0.598663 44.436871  -0.589770 -0.569451 0.572623  0.625000 0.750000 0
0  -1027.988037 -0.598663 -97.175644  -0.589774 -0.569456 -0.572614  0.375000 0.750000 0
nodraw
0  -1014.933167 202.734695 -97.175644  -0.720407 0.143504 -0.678543  0.375000 0.875000 0
0  -949.818665 393.376892 44.436871  -0.346731 0.740709 0.575437  0.625000 1.000000 0
0  -949.818665 393.376892 -97.175644  -0.346728 0.740704 -0.575445  0.375000 1.000000 0
nodraw
0  -701.005859 297.994110 -97.175644  0.710877 0.388423 -0.586329  0.375000 0.250000 0
0  -761.357117 7.159576 44.436878  0.518369 -0.618404 0.590653  0.625000 0.500000 0
0  -761.357117 7.159576 -97.175636  0.518385 -0.618393 -0.590650  0.375000 0.500000 0
nodraw
0  -761.357117 7.159576 -97.175636  0.518385 -0.618393 -0.590650  0.375000 0.500000 0
0  -1027.988037 -0.598663 -97.175644  -0.589774 -0.569456 -0.572614  0.375000 0.750000 0
0  -1014.933167 202.734695 -97.175644  -0.720407 0.143504 -0.678543  0.250000 0.750000 0
nodraw
0  -1027.988037 -0.598663 -97.175644  -0.589774 -0.569456 -0.572614  0.375000 0.750000 0
0  -1014.933167 202.734695 44.436871  -0.720407 0.143502 0.678544  0.625000 0.875000 0
0  -1014.933167 202.734695 -97.175644  -0.720407 0.143504 -0.678543  0.375000 0.875000 0
nodraw
0  -701.005859 297.994110 44.436871  0.710889 0.388405 0.586326  0.875000 0.500000 0
0  -949.818665 393.376892 44.436871  -0.346731 0.740709 0.575437  0.875000 0.750000 0
0  -1014.933167 202.734695 44.436871  -0.720407 0.143502 0.678544  0.750000 0.750000 0
nodraw
0  -1028.056641 -0.046754 -97.175644  -0.603790 0.551634 -0.575445  0.375000 0.000000 0
0  -761.682251 7.047541 44.436871  0.508139 0.630885 0.586326  0.625000 0.250000 0
0  -761.682251 7.047541 -97.175644  0.508122 0.630897 -0.586329  0.375000 0.250000 0
nodraw
0  -706.142090 -284.743958 -97.175636  0.715574 -0.372944 -0.590650  0.375000 0.500000 0
0  -949.508057 -393.946808 44.436871  -0.326958 -0.751799 0.572623  0.625000 0.750000 0
0  -949.508057 -393.946808 -97.175644  -0.326959 -0.751805 -0.572614  0.375000 0.750000 0
nodraw
0  -1015.259155 -201.095413 -97.175644  -0.720486 -0.143107 -0.678543  0.375000 0.875000 0
0  -1028.056641 -0.046754 44.436871  -0.603794 0.551639 0.575437  0.625000 1.000000 0
0  -1028.056641 -0.046754 -97.175644  -0.603790 0.551634 -0.575445  0.375000 1.000000 0
nodraw
0  -761.682251 7.047541 -97.175644  0.508122 0.630897 -0.586329  0.375000 0.250000 0
0  -706.142090 -284.743958 44.436878  0.715563 -0.372960 0.590653  0.625000 0.500000 0
0  -706.142090 -284.743958 -97.175636  0.715574 -0.372944 -0.590650  0.375000 0.500000 0
nodraw
0  -706.142090 -284.743958 -97.175636  0.715574 -0.372944 -0.590650  0.375000 0.500000 0
0  -949.508057 -393.946808 -97.175644  -0.326959 -0.751805 -0.572614  0.375000 0.750000 0
0  -1015.259155 -201.095413 -97.175644  -0.720486 -0.143107 -0.678543  0.250000 0.750000 0
nodraw
0  -949.508057 -393.946808 -97.175644  -0.326959 -0.751805 -0.572614  0.375000 0.750000 0
0  -1015.259155 -201.095413 44.436871  -0.720485 -0.143109 0.678544  0.625000 0.875000 0
0  -1015.259155 -201.095413 -97.175644  -0.720486 -0.143107 -0.678543  0.375000 0.875000 0
nodraw
0  -761.682251 7.047541 44.436871  0.508139 0.630885 0.586326  0.875000 0.500000 0
0  -1028.056641 -0.046754 44.436871  -0.603794 0.551639 0.575437  0.875000 0.750000 0
0  -1015.259155 -201.095413 44.436871  -0.720485 -0.143109 0.678544  0.750000 0.750000 0
nodraw
0  -949.782715 -393.463562 -97.175644  -0.768930 0.278583 -0.575446  0.375000 0.000000 0
0  -706.399658 -284.972168 44.436871  0.228030 0.777318 0.586326  0.625000 0.250000 0
0  -706.399658 -284.972168 -97.175644  0.228010 0.777322 -0.586329  0.375000 0.250000 0
nodraw
0  -543.423462 -533.298096 -97.175636  0.803823 -0.070717 -0.590650  0.375000 0.500000 0
0  -726.474121 -727.320557 44.436871  -0.014368 -0.819693 0.572623  0.625000 0.750000 0
0  -726.474121 -727.320557 -97.175644  -0.014367 -0.819699 -0.572614  0.375000 0.750000 0
nodraw
0  -861.021240 -574.310913 -97.175644  -0.610877 -0.407932 -0.678543  0.375000 0.875000 0
0  -949.782715 -393.463562 44.436871  -0.768936 0.278585 0.575437  0.625000 1.000000 0
0  -949.782715 -393.463562 -97.175644  -0.768930 0.278583 -0.575446  0.375000 1.000000 0
nodraw
0  -706.399658 -284.972168 -97.175644  0.228010 0.777322 -0.586329  0.375000 0.250000 0
0  -543.423462 -533.298096 44.436878  0.803820 -0.070736 0.590653  0.625000 0.500000 0
0  -543.423462 -533.298096 -97.175636  0.803823 -0.070717 -0.590650  0.375000 0.500000 0
nodraw
0  -543.423462 -533.298096 -97.175636  0.803823 -0.070717 -0.590650  0.375000 0.500000 0
0  -726.474121 -727.320557 -97.175644  -0.014367 -0.819699 -0.572614  0.375000 0.750000 0
0  -861.021240 -574.310913 -97.175644  -0.610877 -0.407932 -0.678543  0.250000 0.750000 0
nodraw
0  -726.474121 -727.320557 -97.175644  -0.014367 -0.819699 -0.572614  0.375000 0.750000 0
0  -861.021240 -574.310913 44.436871  -0.610875 -0.407933 0.678544  0.625000 0.875000 0
0  -861.021240 -574.310913 -97.175644  -0.610877 -0.407932 -0.678543  0.375000 0.875000 0
nodraw
0  -706.399658 -284.972168 44.436871  0.228030 0.777318 0.586326  0.875000 0.500000 0
0  -949.782715 -393.463562 44.436871  -0.768936 0.278585 0.575437  0.875000 0.750000 0
0  -861.021240 -574.310913 44.436871  -0.610875 -0.407933 0.678544  0.750000 0.750000 0
nodraw
0  -726.912720 -726.979126 -97.175644  -0.817008 -0.036880 -0.575445  0.375000 0.000000 0
0  -543.573975 -533.607483 44.436871  -0.086794 0.805412 0.586326  0.625000 0.250000 0
0  -543.573975 -533.607483 -97.175644  -0.086815 0.805408 -0.586329  0.375000 0.250000 0
nodraw
0  -297.973328 -700.662354 -97.175636  0.769698 0.242276 -0.590650  0.375000 0.500000 0
0  -392.840912 -949.966187 44.436871  0.300409 -0.762796 0.572623  0.625000 0.750000 0
0  -392.840912 -949.966187 -97.175644  0.300412 -0.762801 -0.572614  0.375000 0.750000 0
nodraw
0  -575.700562 -860.092712 -97.175644  -0.408268 -0.610652 -0.678543  0.375000 0.875000 0
0  -726.912720 -726.979126 44.436871  -0.817014 -0.036880 0.575437  0.625000 1.000000 0
0  -726.912720 -726.979126 -97.175644  -0.817008 -0.036880 -0.575445  0.375000 1.000000 0
nodraw
0  -543.573975 -533.607483 -97.175644  -0.086815 0.805408 -0.586329  0.375000 0.250000 0
0  -297.973328 -700.662354 44.436878  0.769702 0.242257 0.590652  0.625000 0.500000 0
0  -297.973328 -700.662354 -97.175636  0.769698 0.242276 -0.590650  0.375000 0.500000 0
nodraw
0  -297.973328 -700.662354 -97.175636  0.769698 0.242276 -0.590650  0.375000 0.500000 0
0  -392.840912 -949.966187 -97.175644  0.300412 -0.762801 -0.572614  0.375000 0.750000 0
0  -575.700562 -860.092712 -97.175644  -0.408268 -0.610652 -0.678543  0.250000 0.750000 0
nodraw
0  -392.840912 -949.966187 -97.175644  0.300412 -0.762801 -0.572614  0.375000 0.750000 0
0  -575.700562 -860.092712 44.436871  -0.408266 -0.610653 0.678544  0.625000 0.875000 0
0  -575.700562 -860.092712 -97.175644  -0.408268 -0.610652 -0.678543  0.375000 0.875000 0
nodraw
0  -543.573975 -533.607483 44.436871  -0.086794 0.805412 0.586326  0.875000 0.500000 0
0  -726.912720 -726.979126 44.436871  -0.817014 -0.036880 0.575437  0.875000 0.750000 0
0  -575.700562 -860.092712 44.436871  -0.408266 -0.610653 0.678544  0.750000 0.750000 0
nodraw
0  -393.377136 -949.818542 -97.175644  -0.740704 -0.346728 -0.575445  0.375000 0.000000 0
0  -297.994293 -701.005737 44.436871  -0.388405 0.710889 0.586326  0.625000 0.250000 0
0  -297.994293 -701.005737 -97.175644  -0.388422 0.710877 -0.586329  0.375000 0.250000 0
nodraw
0  -7.159790 -761.357117 -97.175636  0.618393 0.518384 -0.590650  0.375000 0.500000 0
0  0.598389 -1027.988037 44.436871  0.569451 -0.589770 0.572623  0.625000 0.750000 0
0  0.598389 -1027.988037 -97.175644  0.569456 -0.589774 -0.572614  0.375000 0.750000 0
nodraw
0  -202.734955 -1014.933105 -97.175644  -0.143504 -0.720406 -0.678543  0.375000 0.875000 0
0  -393.377136 -949.818542 44.436871  -0.740710 -0.346731 0.575437  0.625000 1.000000 0
0  -393.377136 -949.818542 -97.175644  -0.740704 -0.346728 -0.575445  0.375000 1.000000 0
nodraw
0  -297.994293 -701.005737 -97.175644  -0.388422 0.710877 -0.586329  0.375000 0.250000 0
0  -7.159790 -761.357117 44.436878  0.618404 0.518368 0.590653  0.625000 0.500000 0
0  -7.159790 -761.357117 -97.175636  0.618393 0.518384 -0.590650  0.375000 0.500000 0
nodraw
0  -7.159790 -761.357117 -97.175636  0.618393 0.518384 -0.590650  0.375000 0.500000 0
0  0.598389 -1027.988037 -97.175644  0.569456 -0.589774 -0.572614  0.375000 0.750000 0
0  -202.734955 -1014.933105 -97.175644  -0.143504 -0.720406 -0.678543  0.250000 0.750000 0
nodraw
0  0.598389 -1027.988037 -97.175644  0.569456 -0.589774 -0.572614  0.375000 0.750000 0
0  -202.734955 -1014.933105 44.436871  -0.143502 -0.720407 0.678544  0.625000 0.875000 0
0  -202.734955 -1014.933105 -97.175644  -0.143504 -0.720406 -0.678543  0.375000 0.875000 0
nodraw
0  -297.994293 -701.005737 44.436871  -0.388405 0.710889 0.586326  0.875000 0.500000 0
0  -393.377136 -949.818542 44.436871  -0.740710 -0.346731 0.575437  0.875000 0.750000 0
0  -202.734955 -1014.933105 44.436871  -0.143502 -0.720407 0.678544  0.750000 0.750000 0
nodraw
0  0.046719 -1028.056763 -97.175644  -0.551634 -0.603790 -0.575445  0.375000 0.000000 0
0  0.046719 -1028.056763 44.436871  -0.551638 -0.603794 0.575437  0.625000 0.000000 0
0  -7.047567 -761.682312 44.436871  -0.630885 0.508140 0.586326  0.625000 0.250000 0
nodraw
0  284.743958 -706.142151 -97.175636  0.372944 0.715574 -0.590650  0.375000 0.500000 0
0  284.743958 -706.142151 44.436878  0.372960 0.715563 0.590653  0.625000 0.500000 0
0  393.946808 -949.508118 44.436871  0.751799 -0.326957 0.572623  0.625000 0.750000 0
nodraw
0  201.095398 -1015.259216 -97.175644  0.143107 -0.720486 -0.678543  0.375000 0.875000 0
0  201.095398 -1015.259216 44.436871  0.143109 -0.720485 0.678544  0.625000 0.875000 0
0  0.046719 -1028.056763 44.436871  -0.551638 -0.603794 0.575437  0.625000 1.000000 0
nodraw
0  -7.047567 -761.682312 -97.175644  -0.630897 0.508122 -0.586329  0.375000 0.250000 0
0  -7.047567 -761.682312 44.436871  -0.630885 0.508140 0.586326  0.625000 0.250000 0
0  284.743958 -706.142151 44.436878  0.372960 0.715563 0.590653  0.625000 0.500000 0
nodraw
0  0.046719 -1028.056763 -97.175644  -0.551634 -0.603790 -0.575445  0.125000 0.750000 0
0  -7.047567 -761.682312 -97.175644  -0.630897 0.508122 -0.586329  0.125000 0.500000 0
0  201.095398 -1015.259216 -97.175644  0.143107 -0.720486 -0.678543  0.250000 0.750000 0
nodraw
0  -7.047567 -761.682312 -97.175644  -0.630897 0.508122 -0.586329  0.125000 0.500000 0
0  284.743958 -706.142151 -97.175636  0.372944 0.715574 -0.590650  0.375000 0.500000 0
0  201.095398 -1015.259216 -97.175644  0.143107 -0.720486 -0.678543  0.250000 0.750000 0
nodraw
0  393.946808 -949.508118 -97.175644  0.751805 -0.326959 -0.572614  0.375000 0.750000 0
0  393.946808 -949.508118 44.436871  0.751799 -0.326957 0.572623  0.625000 0.750000 0
0  201.095398 -1015.259216 44.436871  0.143109 -0.720485 0.678544  0.625000 0.875000 0
nodraw
0  393.946808 -949.508118 44.436871  0.751799 -0.326957 0.572623  0.625000 0.750000 0
0  284.743958 -706.142151 44.436878  0.372960 0.715563 0.590653  0.625000 0.500000 0
0  201.095398 -1015.259216 44.436871  0.143109 -0.720485 0.678544  0.750000 0.750000 0
nodraw
0  284.743958 -706.142151 44.436878  0.372960 0.715563 0.590653  0.625000 0.500000 0
0  -7.047567 -761.682312 44.436871  -0.630885 0.508140 0.586326  0.875000 0.500000 0
0  201.095398 -1015.259216 44.436871  0.143109 -0.720485 0.678544  0.750000 0.750000 0
nodraw
0  393.463470 -949.782715 -97.175644  -0.278583 -0.768930 -0.575445  0.375000 0.000000 0
0  393.463470 -949.782715 44.436871  -0.278585 -0.768936 0.575437  0.625000 0.000000 0
0  284.972107 -706.399658 44.436871  -0.777318 0.228030 0.586326  0.625000 0.250000 0
nodraw
0  533.297974 -543.423462 -97.175636  0.070717 0.803823 -0.590650  0.375000 0.500000 0
0  533.297974 -543.423462 44.436878  0.070736 0.803820 0.590653  0.625000 0.500000 0
0  727.320435 -726.474121 44.436871  0.819693 -0.014368 0.572623  0.625000 0.750000 0
nodraw
0  574.310852 -861.021301 -97.175644  0.407931 -0.610877 -0.678543  0.375000 0.875000 0
0  574.310852 -861.021301 44.436871  0.407933 -0.610876 0.678544  0.625000 0.875000 0
0  393.463470 -949.782715 44.436871  -0.278585 -0.768936 0.575437  0.625000 1.000000 0
nodraw
0  284.972107 -706.399658 -97.175644  -0.777322 0.228010 -0.586329  0.375000 0.250000 0
0  284.972107 -706.399658 44.436871  -0.777318 0.228030 0.586326  0.625000 0.250000 0
0  533.297974 -543.423462 44.436878  0.070736 0.803820 0.590653  0.625000 0.500000 0
nodraw
0  393.463470 -949.782715 -97.175644  -0.278583 -0.768930 -0.575445  0.125000 0.750000 0
0  284.972107 -706.399658 -97.175644  -0.777322 0.228010 -0.586329  0.125000 0.500000 0
0  574.310852 -861.021301 -97.175644  0.407931 -0.610877 -0.678543  0.250000 0.750000 0
nodraw
0  284.972107 -706.399658 -97.175644  -0.777322 0.228010 -0.586329  0.125000 0.500000 0
0  533.297974 -543.423462 -97.175636  0.070717 0.803823 -0.590650  0.375000 0.500000 0
0  574.310852 -861.021301 -97.175644  0.407931 -0.610877 -0.678543  0.250000 0.750000 0
nodraw
0  727.320435 -726.474121 -97.175644  0.819699 -0.014367 -0.572614  0.375000 0.750000 0
0  727.320435 -726.474121 44.436871  0.819693 -0.014368 0.572623  0.625000 0.750000 0
0  574.310852 -861.021301 44.436871  0.407933 -0.610876 0.678544  0.625000 0.875000 0
nodraw
0  727.320435 -726.474121 44.436871  0.819693 -0.014368 0.572623  0.625000 0.750000 0
0  533.297974 -543.423462 44.436878  0.070736 0.803820 0.590653  0.625000 0.500000 0
0  574.310852 -861.021301 44.436871  0.407933 -0.610876 0.678544  0.750000 0.750000 0
nodraw
0  533.297974 -543.423462 44.436878  0.070736 0.803820 0.590653  0.625000 0.500000 0
0  284.972107 -706.399658 44.436871  -0.777318 0.228030 0.586326  0.875000 0.500000 0
0  574.310852 -861.021301 44.436871  0.407933 -0.610876 0.678544  0.750000 0.750000 0
nodraw
0  726.979004 -726.912903 -97.175644  0.036880 -0.817008 -0.575445  0.375000 0.000000 0
0  726.979004 -726.912903 44.436871  0.036880 -0.817014 0.575437  0.625000 0.000000 0
0  533.607361 -543.574097 44.436871  -0.805412 -0.086794 0.586326  0.625000 0.250000 0
nodraw
0  700.662292 -297.973511 -97.175636  -0.242276 0.769698 -0.590650  0.375000 0.500000 0
0  700.662292 -297.973511 44.436878  -0.242257 0.769702 0.590653  0.625000 0.500000 0
0  949.966187 -392.841156 44.436871  0.762796 0.300408 0.572623  0.625000 0.750000 0
nodraw
0  860.092651 -575.700745 -97.175644  0.610652 -0.408268 -0.678543  0.375000 0.875000 0
0  860.092651 -575.700745 44.436871  0.610653 -0.408266 0.678544  0.625000 0.875000 0
0  726.979004 -726.912903 44.436871  0.036880 -0.817014 0.575437  0.625000 1.000000 0
nodraw
0  533.607361 -543.574097 -97.175644  -0.805408 -0.086815 -0.586329  0.375000 0.250000 0
0  533.607361 -543.574097 44.436871  -0.805412 -0.086794 0.586326  0.625000 0.250000 0
0  700.662292 -297.973511 44.436878  -0.242257 0.769702 0.590653  0.625000 0.500000 0
nodraw
0  726.979004 -726.912903 -97.175644  0.036880 -0.817008 -0.575445  0.125000 0.750000 0
0  533.607361 -543.574097 -97.175644  -0.805408 -0.086815 -0.586329  0.125000 0.500000 0
0  860.092651 -575.700745 -97.175644  0.610652 -0.408268 -0.678543  0.250000 0.750000 0
nodraw
0  533.607361 -543.574097 -97.175644  -0.805408 -0.086815 -0.586329  0.125000 0.500000 0
0  700.662292 -297.973511 -97.175636  -0.242276 0.769698 -0.590650  0.375000 0.500000 0
0  860.092651 -575.700745 -97.175644  0.610652 -0.408268 -0.678543  0.250000 0.750000 0
nodraw
0  949.966187 -392.841156 -97.175644  0.762801 0.300412 -0.572614  0.375000 0.750000 0
0  949.966187 -392.841156 44.436871  0.762796 0.300408 0.572623  0.625000 0.750000 0
0  860.092651 -575.700745 44.436871  0.610653 -0.408266 0.678544  0.625000 0.875000 0
nodraw
0  949.966187 -392.841156 44.436871  0.762796 0.300408 0.572623  0.625000 0.750000 0
0  700.662292 -297.973511 44.436878  -0.242257 0.769702 0.590653  0.625000 0.500000 0
0  860.092651 -575.700745 44.436871  0.610653 -0.408266 0.678544  0.750000 0.750000 0
nodraw
0  700.662292 -297.973511 44.436878  -0.242257 0.769702 0.590653  0.625000 0.500000 0
0  533.607361 -543.574097 44.436871  -0.805412 -0.086794 0.586326  0.875000 0.500000 0
0  860.092651 -575.700745 44.436871  0.610653 -0.408266 0.678544  0.750000 0.750000 0
nodraw
0  949.818604 -393.377106 -97.175644  0.346728 -0.740704 -0.575445  0.375000 0.000000 0
0  949.818604 -393.377106 44.436871  0.346731 -0.740709 0.575437  0.625000 0.000000 0
0  701.005798 -297.994293 44.436871  -0.710889 -0.388405 0.586326  0.625000 0.250000 0
nodraw
0  761.357117 -7.159729 -97.175636  -0.518384 0.618393 -0.590650  0.375000 0.500000 0
0  761.357117 -7.159729 44.436878  -0.518368 0.618404 0.590652  0.625000 0.500000 0
0  1027.988037 0.598450 44.436871  0.589770 0.569451 0.572623  0.625000 0.750000 0
nodraw
0  1014.933167 -202.734924 -97.175644  0.720407 -0.143504 -0.678543  0.375000 0.875000 0
0  1014.933167 -202.734924 44.436871  0.720407 -0.143502 0.678544  0.625000 0.875000 0
0  949.818604 -393.377106 44.436871  0.346731 -0.740709 0.575437  0.625000 1.000000 0
nodraw
0  701.005798 -297.994293 -97.175644  -0.710877 -0.388423 -0.586329  0.375000 0.250000 0
0  701.005798 -297.994293 44.436871  -0.710889 -0.388405 0.586326  0.625000 0.250000 0
0  761.357117 -7.159729 44.436878  -0.518368 0.618404 0.590652  0.625000 0.500000 0
nodraw
0  949.818604 -393.377106 -97.175644  0.346728 -0.740704 -0.575445  0.125000 0.750000 0
0  701.005798 -297.994293 -97.175644  -0.710877 -0.388423 -0.586329  0.125000 0.500000 0
0  1014.933167 -202.734924 -97.175644  0.720407 -0.143504 -0.678543  0.250000 0.750000 0
nodraw
0  701.005798 -297.994293 -97.175644  -0.710877 -0.388423 -0.586329  0.125000 0.500000 0
0  761.357117 -7.159729 -97.175636  -0.518384 0.618393 -0.590650  0.375000 0.500000 0
0  1014.933167 -202.734924 -97.175644  0.720407 -0.143504 -0.678543  0.250000 0.750000 0
nodraw
0  1027.988037 0.598450 -97.175644  0.589774 0.569456 -0.572614  0.375000 0.750000 0
0  1027.988037 0.598450 44.436871  0.589770 0.569451 0.572623  0.625000 0.750000 0
0  1014.933167 -202.734924 44.436871  0.720407 -0.143502 0.678544  0.625000 0.875000 0
nodraw
0  1027.988037 0.598450 44.436871  0.589770 0.569451 0.572623  0.625000 0.750000 0
0  761.357117 -7.159729 44.436878  -0.518368 0.618404 0.590652  0.625000 0.500000 0
0  1014.933167 -202.734924 44.436871  0.720407 -0.143502 0.678544  0.750000 0.750000 0
nodraw
0  761.357117 -7.159729 44.436878  -0.518368 0.618404 0.590652  0.625000 0.500000 0
0  701.005798 -297.994293 44.436871  -0.710889 -0.388405 0.586326  0.875000 0.500000 0
0  1014.933167 -202.734924 44.436871  0.720407 -0.143502 0.678544  0.750000 0.750000 0
nodraw
0  1028.056641 0.046683 -97.175644  0.603790 -0.551634 -0.575445  0.375000 0.000000 0
0  1028.056641 0.046683 44.436871  0.603794 -0.551639 0.575437  0.625000 0.000000 0
0  761.682251 -7.047593 44.436871  -0.508140 -0.630885 0.586326  0.625000 0.250000 0
nodraw
0  706.142090 284.743896 -97.175636  -0.715574 0.372944 -0.590650  0.375000 0.500000 0
0  706.142090 284.743896 44.436878  -0.715563 0.372960 0.590653  0.625000 0.500000 0
0  949.508057 393.946747 44.436871  0.326958 0.751799 0.572623  0.625000 0.750000 0
nodraw
0  1015.259155 201.095352 -97.175644  0.720485 0.143107 -0.678543  0.375000 0.875000 0
0  1015.259155 201.095352 44.436871  0.720485 0.143109 0.678544  0.625000 0.875000 0
0  1028.056641 0.046683 44.436871  0.603794 -0.551639 0.575437  0.625000 1.000000 0
nodraw
0  761.682251 -7.047593 -97.175644  -0.508122 -0.630897 -0.586329  0.375000 0.250000 0
0  761.682251 -7.047593 44.436871  -0.508140 -0.630885 0.586326  0.625000 0.250000 0
0  706.142090 284.743896 44.436878  -0.715563 0.372960 0.590653  0.625000 0.500000 0
nodraw
0  1028.056641 0.046683 -97.175644  0.603790 -0.551634 -0.575445  0.125000 0.750000 0
0  761.682251 -7.047593 -97.175644  -0.508122 -0.630897 -0.586329  0.125000 0.500000 0
0  1015.259155 201.095352 -97.175644  0.720485 0.143107 -0.678543  0.250000 0.750000 0
nodraw
0  761.682251 -7.047593 -97.175644  -0.508122 -0.630897 -0.586329  0.125000 0.500000 0
0  706.142090 284.743896 -97.175636  -0.715574 0.372944 -0.590650  0.375000 0.500000 0
0  1015.259155 201.095352 -97.175644  0.720485 0.143107 -0.678543  0.250000 0.750000 0
nodraw
0  949.508057 393.946747 -97.175644  0.326959 0.751805 -0.572614  0.375000 0.750000 0
0  949.508057 393.946747 44.436871  0.326958 0.751799 0.572623  0.625000 0.750000 0
0  1015.259155 201.095352 44.436871  0.720485 0.143109 0.678544  0.625000 0.875000 0
nodraw
0  949.508057 393.946747 44.436871  0.326958 0.751799 0.572623  0.625000 0.750000 0
0  706.142090 284.743896 44.436878  -0.715563 0.372960 0.590653  0.625000 0.500000 0
0  1015.259155 201.095352 44.436871  0.720485 0.143109 0.678544  0.750000 0.750000 0
nodraw
0  706.142090 284.743896 44.436878  -0.715563 0.372960 0.590653  0.625000 0.500000 0
0  761.682251 -7.047593 44.436871  -0.508140 -0.630885 0.586326  0.875000 0.500000 0
0  1015.259155 201.095352 44.436871  0.720485 0.143109 0.678544  0.750000 0.750000 0
nodraw
0  949.782715 393.463593 -97.175644  0.768930 -0.278583 -0.575445  0.375000 0.000000 0
0  949.782715 393.463593 44.436871  0.768936 -0.278585 0.575437  0.625000 0.000000 0
0  706.399658 284.972198 44.436871  -0.228030 -0.777318 0.586326  0.625000 0.250000 0
nodraw
0  543.423401 533.298096 -97.175636  -0.803823 0.070717 -0.590650  0.375000 0.500000 0
0  543.423401 533.298096 44.436878  -0.803820 0.070736 0.590652  0.625000 0.500000 0
0  726.474121 727.320557 44.436871  0.014368 0.819693 0.572623  0.625000 0.750000 0
nodraw
0  861.021240 574.310974 -97.175644  0.610877 0.407932 -0.678543  0.375000 0.875000 0
0  861.021240 574.310974 44.436871  0.610875 0.407933 0.678544  0.625000 0.875000 0
0  949.782715 393.463593 44.436871  0.768936 -0.278585 0.575437  0.625000 1.000000 0
nodraw
0  706.399658 284.972198 -97.175644  -0.228010 -0.777322 -0.586329  0.375000 0.250000 0
0  706.399658 284.972198 44.436871  -0.228030 -0.777318 0.586326  0.625000 0.250000 0
0  543.423401 533.298096 44.436878  -0.803820 0.070736 0.590652  0.625000 0.500000 0
nodraw
0  949.782715 393.463593 -97.175644  0.768930 -0.278583 -0.575445  0.125000 0.750000 0
0  706.399658 284.972198 -97.175644  -0.228010 -0.777322 -0.586329  0.125000 0.500000 0
0  861.021240 574.310974 -97.175644  0.610877 0.407932 -0.678543  0.250000 0.750000 0
nodraw
0  706.399658 284.972198 -97.175644  -0.228010 -0.777322 -0.586329  0.125000 0.500000 0
0  543.423401 533.298096 -97.175636  -0.803823 0.070717 -0.590650  0.375000 0.500000 0
0  861.021240 574.310974 -97.175644  0.610877 0.407932 -0.678543  0.250000 0.750000 0
nodraw
0  726.474121 727.320557 -97.175644  0.014367 0.819699 -0.572614  0.375000 0.750000 0
0  726.474121 727.320557 44.436871  0.014368 0.819693 0.572623  0.625000 0.750000 0
0  861.021240 574.310974 44.436871  0.610875 0.407933 0.678544  0.625000 0.875000 0
nodraw
0  726.474121 727.320557 44.436871  0.014368 0.819693 0.572623  0.625000 0.750000 0
0  543.423401 533.298096 44.436878  -0.803820 0.070736 0.590652  0.625000 0.500000 0
0  861.021240 574.310974 44.436871  0.610875 0.407933 0.678544  0.750000 0.750000 0
nodraw
0  543.423401 533.298096 44.436878  -0.803820 0.070736 0.590652  0.625000 0.500000 0
0  706.399658 284.972198 44.436871  -0.228030 -0.777318 0.586326  0.875000 0.500000 0
0  861.021240 574.310974 44.436871  0.610875 0.407933 0.678544  0.750000 0.750000 0
nodraw
0  726.912964 726.978821 -97.175644  0.817008 0.036880 -0.575445  0.375000 0.000000 0
0  726.912964 726.978821 44.436871  0.817014 0.036880 0.575437  0.625000 0.000000 0
0  543.574158 533.607239 44.436871  0.086794 -0.805412 0.586326  0.625000 0.250000 0
nodraw
0  297.973572 700.662231 -97.175636  -0.769698 -0.242276 -0.590650  0.375000 0.500000 0
0  297.973572 700.662231 44.436878  -0.769702 -0.242257 0.590652  0.625000 0.500000 0
0  392.841278 949.965942 44.436871  -0.300408 0.762796 0.572623  0.625000 0.750000 0
nodraw
0  575.700806 860.092468 -97.175644  0.408268 0.610652 -0.678543  0.375000 0.875000 0
0  575.700806 860.092468 44.436871  0.408266 0.610653 0.678544  0.625000 0.875000 0
0  726.912964 726.978821 44.436871  0.817014 0.036880 0.575437  0.625000 1.000000 0
nodraw
0  543.574158 533.607239 -97.175644  0.086814 -0.805408 -0.586329  0.375000 0.250000 0
0  543.574158 533.607239 44.436871  0.086794 -0.805412 0.586326  0.625000 0.250000 0
0  297.973572 700.662231 44.436878  -0.769702 -0.242257 0.590652  0.625000 0.500000 0
nodraw
0  726.912964 726.978821 -97.175644  0.817008 0.036880 -0.575445  0.125000 0.750000 0
0  543.574158 533.607239 -97.175644  0.086814 -0.805408 -0.586329  0.125000 0.500000 0
0  575.700806 860.092468 -97.175644  0.408268 0.610652 -0.678543  0.250000 0.750000 0
nodraw
0  543.574158 533.607239 -97.175644  0.086814 -0.805408 -0.586329  0.125000 0.500000 0
0  297.973572 700.662231 -97.175636  -0.769698 -0.242276 -0.590650  0.375000 0.500000 0
0  575.700806 860.092468 -97.175644  0.408268 0.610652 -0.678543  0.250000 0.750000 0
nodraw
0  392.841278 949.965942 -97.175644  -0.300412 0.762801 -0.572614  0.375000 0.750000 0
0  392.841278 949.965942 44.436871  -0.300408 0.762796 0.572623  0.625000 0.750000 0
0  575.700806 860.092468 44.436871  0.408266 0.610653 0.678544  0.625000 0.875000 0
nodraw
0  392.841278 949.965942 44.436871  -0.300408 0.762796 0.572623  0.625000 0.750000 0
0  297.973572 700.662231 44.436878  -0.769702 -0.242257 0.590652  0.625000 0.500000 0
0  575.700806 860.092468 44.436871  0.408266 0.610653 0.678544  0.750000 0.750000 0
nodraw
0  297.973572 700.662231 44.436878  -0.769702 -0.242257 0.590652  0.625000 0.500000 0
0  543.574158 533.607239 44.436871  0.086794 -0.805412 0.586326  0.875000 0.500000 0
0  575.700806 860.092468 44.436871  0.408266 0.610653 0.678544  0.750000 0.750000 0
nodraw
0  393.376984 949.818604 -97.175644  0.740704 0.346728 -0.575445  0.375000 0.000000 0
0  393.376984 949.818604 44.436871  0.740710 0.346731 0.575437  0.625000 0.000000 0
0  297.994202 701.005798 44.436871  0.388405 -0.710889 0.586326  0.625000 0.250000 0
nodraw
0  7.159637 761.357056 -97.175636  -0.618393 -0.518385 -0.590650  0.375000 0.500000 0
0  7.159637 761.357056 44.436878  -0.618404 -0.518368 0.590653  0.625000 0.500000 0
0  -0.598572 1027.988037 44.436871  -0.569451 0.589770 0.572623  0.625000 0.750000 0
nodraw
0  202.734802 1014.933167 -97.175644  0.143504 0.720406 -0.678543  0.375000 0.875000 0
0  202.734802 1014.933167 44.436871  0.143502 0.720407 0.678544  0.625000 0.875000 0
0  393.376984 949.818604 44.436871  0.740710 0.346731 0.575437  0.625000 1.000000 0
nodraw
0  297.994202 701.005798 -97.175644  0.388423 -0.710877 -0.586329  0.375000 0.250000 0
0  297.994202 701.005798 44.436871  0.388405 -0.710889 0.586326  0.625000 0.250000 0
0  7.159637 761.357056 44.436878  -0.618404 -0.518368 0.590653  0.625000 0.500000 0
nodraw
0  393.376984 949.818604 -97.175644  0.740704 0.346728 -0.575445  0.125000 0.750000 0
0  297.994202 701.005798 -97.175644  0.388423 -0.710877 -0.586329  0.125000 0.500000 0
0  202.734802 1014.933167 -97.175644  0.143504 0.720406 -0.678543  0.250000 0.750000 0
nodraw
0  297.994202 701.005798 -97.175644  0.388423 -0.710877 -0.586329  0.125000 0.500000 0
0  7.159637 761.357056 -97.175636  -0.618393 -0.518385 -0.590650  0.375000 0.500000 0
0  202.734802 1014.933167 -97.175644  0.143504 0.720406 -0.678543  0.250000 0.750000 0
nodraw
0  -0.598572 1027.988037 -97.175644  -0.569456 0.589774 -0.572614  0.375000 0.750000 0
0  -0.598572 1027.988037 44.436871  -0.569451 0.589770 0.572623  0.625000 0.750000 0
0  202.734802 1014.933167 44.436871  0.143502 0.720407 0.678544  0.625000 0.875000 0
nodraw
0  -0.598572 1027.988037 44.436871  -0.569451 0.589770 0.572623  0.625000 0.750000 0
0  7.159637 761.357056 44.436878  -0.618404 -0.518368 0.590653  0.625000 0.500000 0
0  202.734802 1014.933167 44.436871  0.143502 0.720407 0.678544  0.750000 0.750000 0
nodraw
0  7.159637 761.357056 44.436878  -0.618404 -0.518368 0.590653  0.625000 0.500000 0
0  297.994202 701.005798 44.436871  0.388405 -0.710889 0.586326  0.875000 0.500000 0
0  202.734802 1014.933167 44.436871  0.143502 0.720407 0.678544  0.750000 0.750000 0
nodraw
0  -0.046809 1028.056763 -97.175644  0.551634 0.603790 -0.575445  0.375000 0.000000 0
0  -0.046809 1028.056763 44.436871  0.551638 0.603794 0.575437  0.625000 0.000000 0
0  7.047501 761.682312 44.436871  0.630885 -0.508140 0.586326  0.625000 0.250000 0
nodraw
0  -284.744019 706.142151 -97.175636  -0.372944 -0.715574 -0.590650  0.375000 0.500000 0
0  -284.744019 706.142151 44.436878  -0.372960 -0.715563 0.590653  0.625000 0.500000 0
0  -393.946899 949.508057 44.436871  -0.751799 0.326957 0.572623  0.625000 0.750000 0
nodraw
0  -201.095490 1015.259216 -97.175644  -0.143107 0.720485 -0.678543  0.375000 0.875000 0
0  -201.095490 1015.259216 44.436871  -0.143109 0.720485 0.678544  0.625000 0.875000 0
0  -0.046809 1028.056763 44.436871  0.551638 0.603794 0.575437  0.625000 1.000000 0
nodraw
0  7.047501 761.682312 -97.175644  0.630897 -0.508122 -0.586329  0.375000 0.250000 0
0  7.047501 761.682312 44.436871  0.630885 -0.508140 0.586326  0.625000 0.250000 0
0  -284.744019 706.142151 44.436878  -0.372960 -0.715563 0.590653  0.625000 0.500000 0
nodraw
0  -0.046809 1028.056763 -97.175644  0.551634 0.603790 -0.575445  0.125000 0.750000 0
0  7.047501 761.682312 -97.175644  0.630897 -0.508122 -0.586329  0.125000 0.500000 0
0  -201.095490 1015.259216 -97.175644  -0.143107 0.720485 -0.678543  0.250000 0.750000 0
nodraw
0  7.047501 761.682312 -97.175644  0.630897 -0.508122 -0.586329  0.125000 0.500000 0
0  -284.744019 706.142151 -97.175636  -0.372944 -0.715574 -0.590650  0.375000 0.500000 0
0  -201.095490 1015.259216 -97.175644  -0.143107 0.720485 -0.678543  0.250000 0.750000 0
nodraw
0  -393.946899 949.508057 -97.175644  -0.751805 0.326958 -0.572614  0.375000 0.750000 0
0  -393.946899 949.508057 44.436871  -0.751799 0.326957 0.572623  0.625000 0.750000 0
0  -201.095490 1015.259216 44.436871  -0.143109 0.720485 0.678544  0.625000 0.875000 0
nodraw
0  -393.946899 949.508057 44.436871  -0.751799 0.326957 0.572623  0.625000 0.750000 0
0  -284.744019 706.142151 44.436878  -0.372960 -0.715563 0.590653  0.625000 0.500000 0
0  -201.095490 1015.259216 44.436871  -0.143109 0.720485 0.678544  0.750000 0.750000 0
nodraw
0  -284.744019 706.142151 44.436878  -0.372960 -0.715563 0.590653  0.625000 0.500000 0
0  7.047501 761.682312 44.436871  0.630885 -0.508140 0.586326  0.875000 0.500000 0
0  -201.095490 1015.259216 44.436871  -0.143109 0.720485 0.678544  0.750000 0.750000 0
nodraw
0  -393.463501 949.782837 -97.175644  0.278583 0.768930 -0.575445  0.375000 0.000000 0
0  -393.463501 949.782837 44.436871  0.278586 0.768936 0.575437  0.625000 0.000000 0
0  -284.972137 706.399719 44.436871  0.777318 -0.228031 0.586326  0.625000 0.250000 0
nodraw
0  -533.298096 543.423523 -97.175636  -0.070717 -0.803823 -0.590650  0.375000 0.500000 0
0  -533.298096 543.423523 44.436878  -0.070736 -0.803820 0.590653  0.625000 0.500000 0
0  -727.320557 726.474243 44.436871  -0.819693 0.014368 0.572623  0.625000 0.750000 0
nodraw
0  -574.310913 861.021423 -97.175644  -0.407931 0.610877 -0.678543  0.375000 0.875000 0
0  -574.310913 861.021423 44.436871  -0.407933 0.610876 0.678544  0.625000 0.875000 0
0  -393.463501 949.782837 44.436871  0.278586 0.768936 0.575437  0.625000 1.000000 0
nodraw
0  -284.972137 706.399719 -97.175644  0.777322 -0.228010 -0.586329  0.375000 0.250000 0
0  -284.972137 706.399719 44.436871  0.777318 -0.228031 0.586326  0.625000 0.250000 0
0  -533.298096 543.423523 44.436878  -0.070736 -0.803820 0.590653  0.625000 0.500000 0
nodraw
0  -393.463501 949.782837 -97.175644  0.278583 0.768930 -0.575445  0.125000 0.750000 0
0  -284.972137 706.399719 -97.175644  0.777322 -0.228010 -0.586329  0.125000 0.500000 0
0  -574.310913 861.021423 -97.175644  -0.407931 0.610877 -0.678543  0.250000 0.750000 0
nodraw
0  -284.972137 706.399719 -97.175644  0.777322 -0.228010 -0.586329  0.125000 0.500000 0
0  -533.298096 543.423523 -97.175636  -0.070717 -0.803823 -0.590650  0.375000 0.500000 0
0  -574.310913 861.021423 -97.175644  -0.407931 0.610877 -0.678543  0.250000 0.750000 0
nodraw
0  -727.320557 726.474243 -97.175644  -0.819699 0.014367 -0.572614  0.375000 0.750000 0
0  -727.320557 726.474243 44.436871  -0.819693 0.014368 0.572623  0.625000 0.750000 0
0  -574.310913 861.021423 44.436871  -0.407933 0.610876 0.678544  0.625000 0.875000 0
nodraw
0  -727.320557 726.474243 44.436871  -0.819693 0.014368 0.572623  0.625000 0.750000 0
0  -533.298096 543.423523 44.436878  -0.070736 -0.803820 0.590653  0.625000 0.500000 0
0  -574.310913 861.021423 44.436871  -0.407933 0.610876 0.678544  0.750000 0.750000 0
nodraw
0  -533.298096 543.423523 44.436878  -0.070736 -0.803820 0.590653  0.625000 0.500000 0
0  -284.972137 706.399719 44.436871  0.777318 -0.228031 0.586326  0.875000 0.500000 0
0  -574.310913 861.021423 44.436871  -0.407933 0.610876 0.678544  0.750000 0.750000 0
nodraw
0  -726.979004 726.912781 -97.175644  -0.036880 0.817008 -0.575445  0.375000 0.000000 0
0  -726.979004 726.912781 44.436871  -0.036880 0.817014 0.575437  0.625000 0.000000 0
0  -533.607361 543.574036 44.436871  0.805412 0.086794 0.586326  0.625000 0.250000 0
nodraw
0  -700.662292 297.973419 -97.175636  0.242276 -0.769698 -0.590650  0.375000 0.500000 0
0  -700.662292 297.973419 44.436878  0.242257 -0.769702 0.590653  0.625000 0.500000 0
0  -949.966064 392.841034 44.436871  -0.762796 -0.300409 0.572623  0.625000 0.750000 0
nodraw
0  -860.092651 575.700623 -97.175644  -0.610652 0.408268 -0.678543  0.375000 0.875000 0
0  -860.092651 575.700623 44.436871  -0.610653 0.408266 0.678544  0.625000 0.875000 0
0  -726.979004 726.912781 44.436871  -0.036880 0.817014 0.575437  0.625000 1.000000 0
nodraw
0  -533.607361 543.574036 -97.175644  0.805408 0.086815 -0.586329  0.375000 0.250000 0
0  -533.607361 543.574036 44.436871  0.805412 0.086794 0.586326  0.625000 0.250000 0
0  -700.662292 297.973419 44.436878  0.242257 -0.769702 0.590653  0.625000 0.500000 0
nodraw
0  -726.979004 726.912781 -97.175644  -0.036880 0.817008 -0.575445  0.125000 0.750000 0
0  -533.607361 543.574036 -97.175644  0.805408 0.086815 -0.586329  0.125000 0.500000 0
0  -860.092651 575.700623 -97.175644  -0.610652 0.408268 -0.678543  0.250000 0.750000 0
nodraw
0  -533.607361 543.574036 -97.175644  0.805408 0.086815 -0.586329  0.125000 0.500000 0
0  -700.662292 297.973419 -97.175636  0.242276 -0.769698 -0.590650  0.375000 0.500000 0
0  -860.092651 575.700623 -97.175644  -0.610652 0.408268 -0.678543  0.250000 0.750000 0
nodraw
0  -949.966064 392.841034 -97.175644  -0.762801 -0.300412 -0.572614  0.375000 0.750000 0
0  -949.966064 392.841034 44.436871  -0.762796 -0.300409 0.572623  0.625000 0.750000 0
0  -860.092651 575.700623 44.436871  -0.610653 0.408266 0.678544  0.625000 0.875000 0
nodraw
0  -949.966064 392.841034 44.436871  -0.762796 -0.300409 0.572623  0.625000 0.750000 0
0  -700.662292 297.973419 44.436878  0.242257 -0.769702 0.590653  0.625000 0.500000 0
0  -860.092651 575.700623 44.436871  -0.610653 0.408266 0.678544  0.750000 0.750000 0
nodraw
0  -700.662292 297.973419 44.436878  0.242257 -0.769702 0.590653  0.625000 0.500000 0
0  -533.607361 543.574036 44.436871  0.805412 0.086794 0.586326  0.875000 0.500000 0
0  -860.092651 575.700623 44.436871  -0.610653 0.408266 0.678544  0.750000 0.750000 0
nodraw
0  -949.818665 393.376892 -97.175644  -0.346728 0.740704 -0.575445  0.375000 0.000000 0
0  -949.818665 393.376892 44.436871  -0.346731 0.740709 0.575437  0.625000 0.000000 0
0  -701.005859 297.994110 44.436871  0.710889 0.388405 0.586326  0.625000 0.250000 0
nodraw
0  -761.357117 7.159576 -97.175636  0.518385 -0.618393 -0.590650  0.375000 0.500000 0
0  -761.357117 7.159576 44.436878  0.518369 -0.618404 0.590653  0.625000 0.500000 0
0  -1027.988037 -0.598663 44.436871  -0.589770 -0.569451 0.572623  0.625000 0.750000 0
nodraw
0  -1014.933167 202.734695 -97.175644  -0.720407 0.143504 -0.678543  0.375000 0.875000 0
0  -1014.933167 202.734695 44.436871  -0.720407 0.143502 0.678544  0.625000 0.875000 0
0  -949.818665 393.376892 44.436871  -0.346731 0.740709 0.575437  0.625000 1.000000 0
nodraw
0  -701.005859 297.994110 -97.175644  0.710877 0.388423 -0.586329  0.375000 0.250000 0
0  -701.005859 297.994110 44.436871  0.710889 0.388405 0.586326  0.625000 0.250000 0
0  -761.357117 7.159576 44.436878  0.518369 -0.618404 0.590653  0.625000 0.500000 0
nodraw
0  -949.818665 393.376892 -97.175644  -0.346728 0.740704 -0.575445  0.125000 0.750000 0
0  -701.005859 297.994110 -97.175644  0.710877 0.388423 -0.586329  0.125000 0.500000 0
0  -1014.933167 202.734695 -97.175644  -0.720407 0.143504 -0.678543  0.250000 0.750000 0
nodraw
0  -701.005859 297.994110 -97.175644  0.710877 0.388423 -0.586329  0.125000 0.500000 0
0  -761.357117 7.159576 -97.175636  0.518385 -0.618393 -0.590650  0.375000 0.500000 0
0  -1014.933167 202.734695 -97.175644  -0.720407 0.143504 -0.678543  0.250000 0.750000 0
nodraw
0  -1027.988037 -0.598663 -97.175644  -0.589774 -0.569456 -0.572614  0.375000 0.750000 0
0  -1027.988037 -0.598663 44.436871  -0.589770 -0.569451 0.572623  0.625000 0.750000 0
0  -1014.933167 202.734695 44.436871  -0.720407 0.143502 0.678544  0.625000 0.875000 0
nodraw
0  -1027.988037 -0.598663 44.436871  -0.589770 -0.569451 0.572623  0.625000 0.750000 0
0  -761.357117 7.159576 44.436878  0.518369 -0.618404 0.590653  0.625000 0.500000 0
0  -1014.933167 202.734695 44.436871  -0.720407 0.143502 0.678544  0.750000 0.750000 0
nodraw
0  -761.357117 7.159576 44.436878  0.518369 -0.618404 0.590653  0.625000 0.500000 0
0  -701.005859 297.994110 44.436871  0.710889 0.388405 0.586326  0.875000 0.500000 0
0  -1014.933167 202.734695 44.436871  -0.720407 0.143502 0.678544  0.750000 0.750000 0
nodraw
0  -1028.056641 -0.046754 -97.175644  -0.603790 0.551634 -0.575445  0.375000 0.000000 0
0  -1028.056641 -0.046754 44.436871  -0.603794 0.551639 0.575437  0.625000 0.000000 0
0  -761.682251 7.047541 44.436871  0.508139 0.630885 0.586326  0.625000 0.250000 0
nodraw
0  -706.142090 -284.743958 -97.175636  0.715574 -0.372944 -0.590650  0.375000 0.500000 0
0  -706.142090 -284.743958 44.436878  0.715563 -0.372960 0.590653  0.625000 0.500000 0
0  -949.508057 -393.946808 44.436871  -0.326958 -0.751799 0.572623  0.625000 0.750000 0
nodraw
0  -1015.259155 -201.095413 -97.175644  -0.720486 -0.143107 -0.678543  0.375000 0.875000 0
0  -1015.259155 -201.095413 44.436871  -0.720485 -0.143109 0.678544  0.625000 0.875000 0
0  -1028.056641 -0.046754 44.436871  -0.603794 0.551639 0.575437  0.625000 1.000000 0
nodraw
0  -761.682251 7.047541 -97.175644  0.508122 0.630897 -0.586329  0.375000 0.250000 0
0  -761.682251 7.047541 44.436871  0.508139 0.630885 0.586326  0.625000 0.250000 0
0  -706.142090 -284.743958 44.436878  0.715563 -0.372960 0.590653  0.625000 0.500000 0
nodraw
0  -1028.056641 -0.046754 -97.175644  -0.603790 0.551634 -0.575445  0.125000 0.750000 0
0  -761.682251 7.047541 -97.175644  0.508122 0.630897 -0.586329  0.125000 0.500000 0
0  -1015.259155 -201.095413 -97.175644  -0.720486 -0.143107 -0.678543  0.250000 0.750000 0
nodraw
0  -761.682251 7.047541 -97.175644  0.508122 0.630897 -0.586329  0.125000 0.500000 0
0  -706.142090 -284.743958 -97.175636  0.715574 -0.372944 -0.590650  0.375000 0.500000 0
0  -1015.259155 -201.095413 -97.175644  -0.720486 -0.143107 -0.678543  0.250000 0.750000 0
nodraw
0  -949.508057 -393.946808 -97.175644  -0.326959 -0.751805 -0.572614  0.375000 0.750000 0
0  -949.508057 -393.946808 44.436871  -0.326958 -0.751799 0.572623  0.625000 0.750000 0
0  -1015.259155 -201.095413 44.436871  -0.720485 -0.143109 0.678544  0.625000 0.875000 0
nodraw
0  -949.508057 -393.946808 44.436871  -0.326958 -0.751799 0.572623  0.625000 0.750000 0
0  -706.142090 -284.743958 44.436878  0.715563 -0.372960 0.590653  0.625000 0.500000 0
0  -1015.259155 -201.095413 44.436871  -0.720485 -0.143109 0.678544  0.750000 0.750000 0
nodraw
0  -706.142090 -284.743958 44.436878  0.715563 -0.372960 0.590653  0.625000 0.500000 0
0  -761.682251 7.047541 44.436871  0.508139 0.630885 0.586326  0.875000 0.500000 0
0  -1015.259155 -201.095413 44.436871  -0.720485 -0.143109 0.678544  0.750000 0.750000 0
nodraw
0  -949.782715 -393.463562 -97.175644  -0.768930 0.278583 -0.575446  0.375000 0.000000 0
0  -949.782715 -393.463562 44.436871  -0.768936 0.278585 0.575437  0.625000 0.000000 0
0  -706.399658 -284.972168 44.436871  0.228030 0.777318 0.586326  0.625000 0.250000 0
nodraw
0  -543.423462 -533.298096 -97.175636  0.803823 -0.070717 -0.590650  0.375000 0.500000 0
0  -543.423462 -533.298096 44.436878  0.803820 -0.070736 0.590653  0.625000 0.500000 0
0  -726.474121 -727.320557 44.436871  -0.014368 -0.819693 0.572623  0.625000 0.750000 0
nodraw
0  -861.021240 -574.310913 -97.175644  -0.610877 -0.407932 -0.678543  0.375000 0.875000 0
0  -861.021240 -574.310913 44.436871  -0.610875 -0.407933 0.678544  0.625000 0.875000 0
0  -949.782715 -393.463562 44.436871  -0.768936 0.278585 0.575437  0.625000 1.000000 0
nodraw
0  -706.399658 -284.972168 -97.175644  0.228010 0.777322 -0.586329  0.375000 0.250000 0
0  -706.399658 -284.972168 44.436871  0.228030 0.777318 0.586326  0.625000 0.250000 0
0  -543.423462 -533.298096 44.436878  0.803820 -0.070736 0.590653  0.625000 0.500000 0
nodraw
0  -949.782715 -393.463562 -97.175644  -0.768930 0.278583 -0.575446  0.125000 0.750000 0
0  -706.399658 -284.972168 -97.175644  0.228010 0.777322 -0.586329  0.125000 0.500000 0
0  -861.021240 -574.310913 -97.175644  -0.610877 -0.407932 -0.678543  0.250000 0.750000 0
nodraw
0  -706.399658 -284.972168 -97.175644  0.228010 0.777322 -0.586329  0.125000 0.500000 0
0  -543.423462 -533.298096 -97.175636  0.803823 -0.070717 -0.590650  0.375000 0.500000 0
0  -861.021240 -574.310913 -97.175644  -0.610877 -0.407932 -0.678543  0.250000 0.750000 0
nodraw
0  -726.474121 -727.320557 -97.175644  -0.014367 -0.819699 -0.572614  0.375000 0.750000 0
0  -726.474121 -727.320557 44.436871  -0.014368 -0.819693 0.572623  0.625000 0.750000 0
0  -861.021240 -574.310913 44.436871  -0.610875 -0.407933 0.678544  0.625000 0.875000 0
nodraw
0  -726.474121 -727.320557 44.436871  -0.014368 -0.819693 0.572623  0.625000 0.750000 0
0  -543.423462 -533.298096 44.436878  0.803820 -0.070736 0.590653  0.625000 0.500000 0
0  -861.021240 -574.310913 44.436871  -0.610875 -0.407933 0.678544  0.750000 0.750000 0
nodraw
0  -543.423462 -533.298096 44.436878  0.803820 -0.070736 0.590653  0.625000 0.500000 0
0  -706.399658 -284.972168 44.436871  0.228030 0.777318 0.586326  0.875000 0.500000 0
0  -861.021240 -574.310913 44.436871  -0.610875 -0.407933 0.678544  0.750000 0.750000 0
nodraw
0  -726.912720 -726.979126 -97.175644  -0.817008 -0.036880 -0.575445  0.375000 0.000000 0
0  -726.912720 -726.979126 44.436871  -0.817014 -0.036880 0.575437  0.625000 0.000000 0
0  -543.573975 -533.607483 44.436871  -0.086794 0.805412 0.586326  0.625000 0.250000 0
nodraw
0  -297.973328 -700.662354 -97.175636  0.769698 0.242276 -0.590650  0.375000 0.500000 0
0  -297.973328 -700.662354 44.436878  0.769702 0.242257 0.590652  0.625000 0.500000 0
0  -392.840912 -949.966187 44.436871  0.300409 -0.762796 0.572623  0.625000 0.750000 0
nodraw
0  -575.700562 -860.092712 -97.175644  -0.408268 -0.610652 -0.678543  0.375000 0.875000 0
0  -575.700562 -860.092712 44.436871  -0.408266 -0.610653 0.678544  0.625000 0.875000 0
0  -726.912720 -726.979126 44.436871  -0.817014 -0.036880 0.575437  0.625000 1.000000 0
nodraw
0  -543.573975 -533.607483 -97.175644  -0.086815 0.805408 -0.586329  0.375000 0.250000 0
0  -543.573975 -533.607483 44.436871  -0.086794 0.805412 0.586326  0.625000 0.250000 0
0  -297.973328 -700.662354 44.436878  0.769702 0.242257 0.590652  0.625000 0.500000 0
nodraw
0  -726.912720 -726.979126 -97.175644  -0.817008 -0.036880 -0.575445  0.125000 0.750000 0
0  -543.573975 -533.607483 -97.175644  -0.086815 0.805408 -0.586329  0.125000 0.500000 0
0  -575.700562 -860.092712 -97.175644  -0.408268 -0.610652 -0.678543  0.250000 0.750000 0
nodraw
0  -543.573975 -533.607483 -97.175644  -0.086815 0.805408 -0.586329  0.125000 0.500000 0
0  -297.973328 -700.662354 -97.175636  0.769698 0.242276 -0.590650  0.375000 0.500000 0
0  -575.700562 -860.092712 -97.175644  -0.408268 -0.610652 -0.678543  0.250000 0.750000 0
nodraw
0  -392.840912 -949.966187 -97.175644  0.300412 -0.762801 -0.572614  0.375000 0.750000 0
0  -392.840912 -949.966187 44.436871  0.300409 -0.762796 0.572623  0.625000 0.750000 0
0  -575.700562 -860.092712 44.436871  -0.408266 -0.610653 0.678544  0.625000 0.875000 0
nodraw
0  -392.840912 -949.966187 44.436871  0.300409 -0.762796 0.572623  0.625000 0.750000 0
0  -297.973328 -700.662354 44.436878  0.769702 0.242257 0.590652  0.625000 0.500000 0
0  -575.700562 -860.092712 44.436871  -0.408266 -0.610653 0.678544  0.750000 0.750000 0
nodraw
0  -297.973328 -700.662354 44.436878  0.769702 0.242257 0.590652  0.625000 0.500000 0
0  -543.573975 -533.607483 44.436871  -0.086794 0.805412 0.586326  0.875000 0.500000 0
0  -575.700562 -860.092712 44.436871  -0.408266 -0.610653 0.678544  0.750000 0.750000 0
nodraw
0  -393.377136 -949.818542 -97.175644  -0.740704 -0.346728 -0.575445  0.375000 0.000000 0
0  -393.377136 -949.818542 44.436871  -0.740710 -0.346731 0.575437  0.625000 0.000000 0
0  -297.994293 -701.005737 44.436871  -0.388405 0.710889 0.586326  0.625000 0.250000 0
nodraw
0  -7.159790 -761.357117 -97.175636  0.618393 0.518384 -0.590650  0.375000 0.500000 0
0  -7.159790 -761.357117 44.436878  0.618404 0.518368 0.590653  0.625000 0.500000 0
0  0.598389 -1027.988037 44.436871  0.569451 -0.589770 0.572623  0.625000 0.750000 0
nodraw
0  -202.734955 -1014.933105 -97.175644  -0.143504 -0.720406 -0.678543  0.375000 0.875000 0
0  -202.734955 -1014.933105 44.436871  -0.143502 -0.720407 0.678544  0.625000 0.875000 0
0  -393.377136 -949.818542 44.436871  -0.740710 -0.346731 0.575437  0.625000 1.000000 0
nodraw
0  -297.994293 -701.005737 -97.175644  -0.388422 0.710877 -0.586329  0.375000 0.250000 0
0  -297.994293 -701.005737 44.436871  -0.388405 0.710889 0.586326  0.625000 0.250000 0
0  -7.159790 -761.357117 44.436878  0.618404 0.518368 0.590653  0.625000 0.500000 0
nodraw
0  -393.377136 -949.818542 -97.175644  -0.740704 -0.346728 -0.575445  0.125000 0.750000 0
0  -297.994293 -701.005737 -97.175644  -0.388422 0.710877 -0.586329  0.125000 0.500000 0
0  -202.734955 -1014.933105 -97.175644  -0.143504 -0.720406 -0.678543  0.250000 0.750000 0
nodraw
0  -297.994293 -701.005737 -97.175644  -0.388422 0.710877 -0.586329  0.125000 0.500000 0
0  -7.159790 -761.357117 -97.175636  0.618393 0.518384 -0.590650  0.375000 0.500000 0
0  -202.734955 -1014.933105 -97.175644  -0.143504 -0.720406 -0.678543  0.250000 0.750000 0
nodraw
0  0.598389 -1027.988037 -97.175644  0.569456 -0.589774 -0.572614  0.375000 0.750000 0
0  0.598389 -1027.988037 44.436871  0.569451 -0.589770 0.572623  0.625000 0.750000 0
0  -202.734955 -1014.933105 44.436871  -0.143502 -0.720407 0.678544  0.625000 0.875000 0
nodraw
0  0.598389 -1027.988037 44.436871  0.569451 -0.589770 0.572623  0.625000 0.750000 0
0  -7.159790 -761.357117 44.436878  0.618404 0.518368 0.590653  0.625000 0.500000 0
0  -202.734955 -1014.933105 44.436871  -0.143502 -0.720407 0.678544  0.750000 0.750000 0
nodraw
0  -7.159790 -761.357117 44.436878  0.618404 0.518368 0.590653  0.625000 0.500000 0
0  -297.994293 -701.005737 44.436871  -0.388405 0.710889 0.586326  0.875000 0.500000 0
0  -202.734955 -1014.933105 44.436871  -0.143502 -0.720407 0.678544  0.750000 0.750000 0
end
