version 1
nodes
0 "root" -1
end
skeleton
time 0
0 0 0 0 0 0 0
end
triangles
phys
0  -20.946398 -961.039307 43.553875  -0.560482 -0.682431 -0.469199  0.377009 0.926879 0
0  -20.946398 -839.613525 319.007874  -0.560482 0.682431 0.469198  0.422462 0.000509 0
0  -20.946398 -945.239441 43.553875  -0.599083 0.453621 -0.659793  0.422462 0.909449 0
phys
0  -20.946398 -945.239441 43.553875  -0.599083 0.453621 -0.659793  0.518630 0.000509 0
0  -5.146568 -839.613525 319.007874  0.560471 0.682425 0.469221  0.469950 0.909449 0
0  -5.146568 -945.239441 43.553875  0.599094 0.453625 -0.659781  0.469950 0.000509 0
phys
0  -5.146568 -945.239441 43.553875  0.599094 0.453625 -0.659781  0.468932 0.017938 0
0  -5.146568 -855.413330 319.007874  0.599093 -0.453625 0.659781  0.423480 0.909449 0
0  -5.146568 -961.039307 43.553875  0.560471 -0.682424 -0.469222  0.423480 0.000509 0
phys
0  -5.146568 -961.039307 43.553875  0.560471 -0.682424 -0.469222  0.568327 0.000509 0
0  -20.946398 -855.413330 319.007874  -0.599083 -0.453621 0.659793  0.519648 0.909449 0
0  -20.946398 -961.039307 43.553875  -0.560482 -0.682431 -0.469199  0.519648 0.000509 0
phys
0  -20.946398 -855.413330 319.007874  -0.599083 -0.453621 0.659793  0.519648 0.909449 0
0  -5.146568 -839.613525 319.007874  0.560471 0.682425 0.469221  0.468932 0.926878 0
0  -20.946398 -839.613525 319.007874  -0.560482 0.682431 0.469198  0.518630 0.909449 0
phys
0  -20.946398 -945.239441 43.553875  -0.599083 0.453621 -0.659793  0.518630 0.000509 0
0  -5.146568 -961.039307 43.553875  0.560471 -0.682424 -0.469222  0.423480 0.000509 0
0  -20.946398 -961.039307 43.553875  -0.560482 -0.682431 -0.469199  0.519648 0.000509 0
phys
0  137.521179 -951.379700 43.553875  -0.440513 -0.765376 -0.469199  0.377009 0.926879 0
0  117.535156 -831.609985 319.007874  -0.665161 0.580872 0.469200  0.422462 0.000509 0
0  134.920609 -935.795349 43.553875  -0.665576 0.348828 -0.659794  0.422462 0.909449 0
phys
0  134.920609 -935.795349 43.553875  -0.665576 0.348828 -0.659794  0.518630 0.000509 0
0  133.119507 -829.009399 319.007874  0.440503 0.765368 0.469222  0.469950 0.909449 0
0  150.504959 -933.194763 43.553875  0.516259 0.546046 -0.659781  0.469950 0.000509 0
phys
0  150.504959 -933.194763 43.553875  0.516259 0.546046 -0.659781  0.468932 0.017938 0
0  135.720062 -844.593750 319.007874  0.665586 -0.348830 0.659782  0.423480 0.909449 0
0  153.105530 -948.779114 43.553875  0.665150 -0.580866 -0.469222  0.423480 0.000509 0
phys
0  153.105530 -948.779114 43.553875  0.665150 -0.580866 -0.469222  0.568327 0.000509 0
0  120.135712 -847.194336 319.007874  -0.516249 -0.546040 0.659794  0.519648 0.909449 0
0  137.521179 -951.379700 43.553875  -0.440513 -0.765376 -0.469199  0.519648 0.000509 0
phys
0  120.135712 -847.194336 319.007874  -0.516249 -0.546040 0.659794  0.519648 0.909449 0
0  133.119507 -829.009399 319.007874  0.440503 0.765368 0.469222  0.468932 0.926878 0
0  117.535156 -831.609985 319.007874  -0.665161 0.580872 0.469200  0.518630 0.909449 0
phys
0  134.920609 -935.795349 43.553875  -0.665576 0.348828 -0.659794  0.518630 0.000509 0
0  153.105530 -948.779114 43.553875  0.665150 -0.580866 -0.469222  0.423480 0.000509 0
0  137.521179 -951.379700 43.553875  -0.440513 -0.765376 -0.469199  0.519648 0.000509 0
phys
0  292.237549 -915.768799 43.553875  -0.308528 -0.827444 -0.469198  0.377009 0.926879 0
0  252.810638 -800.922180 319.007874  -0.751699 0.463469 0.469197  0.422462 0.000509 0
0  287.107330 -900.825012 43.553875  -0.713914 0.234519 -0.659794  0.422462 0.909449 0
phys
0  287.107330 -900.825012 43.553875  -0.713914 0.234519 -0.659794  0.518630 0.000509 0
0  267.754395 -795.791992 319.007874  0.308521 0.827433 0.469222  0.469950 0.909449 0
0  302.051086 -895.694824 43.553875  0.419341 0.623574 -0.659780  0.469950 0.000509 0
phys
0  302.051086 -895.694824 43.553875  0.419341 0.623574 -0.659780  0.468932 0.017938 0
0  272.884583 -810.735779 319.007874  0.713924 -0.234523 0.659781  0.423480 0.909449 0
0  307.181305 -910.638611 43.553875  0.751686 -0.463462 -0.469223  0.423480 0.000509 0
phys
0  307.181305 -910.638611 43.553875  0.751686 -0.463462 -0.469223  0.568327 0.000509 0
0  257.940826 -815.865967 319.007874  -0.419335 -0.623563 0.659794  0.519648 0.909449 0
0  292.237549 -915.768799 43.553875  -0.308528 -0.827444 -0.469198  0.519648 0.000509 0
phys
0  257.940826 -815.865967 319.007874  -0.419335 -0.623563 0.659794  0.519648 0.909449 0
0  267.754395 -795.791992 319.007874  0.308521 0.827433 0.469222  0.468932 0.926878 0
0  252.810638 -800.922180 319.007874  -0.751699 0.463469 0.469197  0.518630 0.909449 0
phys
0  287.107330 -900.825012 43.553875  -0.713914 0.234519 -0.659794  0.518630 0.000509 0
0  307.181305 -910.638611 43.553875  0.751686 -0.463462 -0.469223  0.423480 0.000509 0
0  292.237549 -915.768799 43.553875  -0.308528 -0.827444 -0.469198  0.519648 0.000509 0
phys
0  438.982361 -855.178223 43.553875  -0.168130 -0.866940 -0.469198  0.377009 0.926879 0
0  381.190063 -748.387390 319.007874  -0.817731 0.333421 0.469197  0.422462 0.000509 0
0  431.462463 -841.282654 43.553875  -0.742777 0.113816 -0.659793  0.422462 0.909449 0
phys
0  431.462463 -841.282654 43.553875  -0.742777 0.113816 -0.659793  0.518630 0.000509 0
0  395.085602 -740.867554 319.007874  0.168122 0.866929 0.469222  0.469950 0.909449 0
0  445.358002 -833.762817 43.553875  0.310987 0.684087 -0.659782  0.469950 0.000509 0
phys
0  445.358002 -833.762817 43.553875  0.310987 0.684087 -0.659782  0.468932 0.017938 0
0  402.605469 -754.763062 319.007874  0.742788 -0.113814 0.659782  0.423480 0.909449 0
0  452.877899 -847.658386 43.553875  0.817717 -0.333422 -0.469222  0.423480 0.000509 0
phys
0  452.877899 -847.658386 43.553875  0.817717 -0.333422 -0.469222  0.568327 0.000509 0
0  388.709930 -762.282898 319.007874  -0.310980 -0.684079 0.659794  0.519648 0.909449 0
0  438.982361 -855.178223 43.553875  -0.168130 -0.866940 -0.469198  0.519648 0.000509 0
phys
0  388.709930 -762.282898 319.007874  -0.310980 -0.684079 0.659794  0.519648 0.909449 0
0  395.085602 -740.867554 319.007874  0.168122 0.866929 0.469222  0.468932 0.926878 0
0  381.190063 -748.387390 319.007874  -0.817731 0.333421 0.469197  0.518630 0.909449 0
phys
0  431.462463 -841.282654 43.553875  -0.742777 0.113816 -0.659793  0.518630 0.000509 0
0  452.877899 -847.658386 43.553875  0.817717 -0.333422 -0.469222  0.423480 0.000509 0
0  438.982361 -855.178223 43.553875  -0.168130 -0.866940 -0.469198  0.519648 0.000509 0
phys
0  573.752930 -771.260559 43.553875  -0.023145 -0.882788 -0.469201  0.377009 0.926879 0
0  499.171692 -675.438538 319.007874  -0.861457 0.194279 0.469198  0.422462 0.000509 0
0  564.048462 -758.792236 43.553875  -0.751381 -0.009991 -0.659793  0.422462 0.909449 0
phys
0  564.048462 -758.792236 43.553875  -0.751381 -0.009991 -0.659793  0.518630 0.000509 0
0  511.639984 -665.734070 319.007874  0.023135 0.882778 0.469221  0.469950 0.909449 0
0  576.516785 -749.087769 43.553875  0.194147 0.725943 -0.659783  0.469950 0.000509 0
phys
0  576.516785 -749.087769 43.553875  0.194147 0.725943 -0.659783  0.468932 0.017938 0
0  521.344421 -678.202332 319.007874  0.751391 0.010000 0.659781  0.423480 0.909449 0
0  586.221252 -761.556091 43.553875  0.861443 -0.194282 -0.469222  0.423480 0.000509 0
phys
0  586.221252 -761.556091 43.553875  0.861443 -0.194282 -0.469222  0.568327 0.000509 0
0  508.876099 -687.906799 319.007874  -0.194141 -0.725935 0.659794  0.519648 0.909449 0
0  573.752930 -771.260559 43.553875  -0.023145 -0.882788 -0.469201  0.519648 0.000509 0
phys
0  508.876099 -687.906799 319.007874  -0.194141 -0.725935 0.659794  0.519648 0.909449 0
0  511.639984 -665.734070 319.007874  0.023135 0.882778 0.469221  0.468932 0.926878 0
0  499.171692 -675.438538 319.007874  -0.861457 0.194279 0.469198  0.518630 0.909449 0
phys
0  564.048462 -758.792236 43.553875  -0.751381 -0.009991 -0.659793  0.518630 0.000509 0
0  586.221252 -761.556091 43.553875  0.861443 -0.194282 -0.469222  0.423480 0.000509 0
0  573.752930 -771.260559 43.553875  -0.023145 -0.882788 -0.469201  0.519648 0.000509 0
phys
0  692.873047 -666.304932 43.553875  0.122478 -0.874559 -0.469198  0.377009 0.926879 0
0  603.537231 -584.065491 319.007874  -0.881685 0.049835 0.469198  0.422462 0.000509 0
0  681.248718 -655.603943 43.553875  -0.739488 -0.133530 -0.659794  0.422462 0.909449 0
phys
0  681.248718 -655.603943 43.553875  -0.739488 -0.133530 -0.659794  0.518630 0.000509 0
0  614.238159 -572.441162 319.007874  -0.122478 0.874545 0.469224  0.469950 0.909449 0
0  691.949646 -643.979614 43.553875  0.072011 0.748001 -0.659779  0.469950 0.000509 0
phys
0  691.949646 -643.979614 43.553875  0.072011 0.748001 -0.659779  0.468932 0.017938 0
0  625.862427 -583.142090 319.007874  0.739499 0.133533 0.659780  0.423480 0.909449 0
0  703.573975 -654.680603 43.553875  0.881673 -0.049838 -0.469222  0.423480 0.000509 0
phys
0  703.573975 -654.680603 43.553875  0.881673 -0.049838 -0.469222  0.568327 0.000509 0
0  615.161499 -594.766418 319.007874  -0.072008 -0.747990 0.659792  0.519648 0.909449 0
0  692.873047 -666.304932 43.553875  0.122478 -0.874559 -0.469198  0.519648 0.000509 0
phys
0  615.161499 -594.766418 319.007874  -0.072008 -0.747990 0.659792  0.519648 0.909449 0
0  614.238159 -572.441162 319.007874  -0.122478 0.874545 0.469224  0.468932 0.926878 0
0  603.537231 -584.065491 319.007874  -0.881685 0.049835 0.469198  0.518630 0.909449 0
phys
0  681.248718 -655.603943 43.553875  -0.739488 -0.133530 -0.659794  0.518630 0.000509 0
0  703.573975 -654.680603 43.553875  0.881673 -0.049838 -0.469222  0.423480 0.000509 0
0  692.873047 -666.304932 43.553875  0.122478 -0.874559 -0.469198  0.519648 0.000509 0
phys
0  793.093323 -543.174316 43.553875  0.264748 -0.842473 -0.469199  0.377009 0.926879 0
0  691.439697 -476.760651 319.007874  -0.877864 -0.095967 0.469196  0.422462 0.000509 0
0  779.866150 -534.532593 43.553875  -0.707425 -0.253421 -0.659794  0.422462 0.909449 0
phys
0  779.866150 -534.532593 43.553875  -0.707425 -0.253421 -0.659794  0.518630 0.000509 0
0  700.081421 -463.533569 319.007874  -0.264755 0.842457 0.469224  0.469950 0.909449 0
0  788.507874 -521.305481 43.553875  -0.052083 0.749651 -0.659780  0.469950 0.000509 0
phys
0  788.507874 -521.305481 43.553875  -0.052083 0.749651 -0.659780  0.468932 0.017938 0
0  713.308472 -472.175262 319.007874  0.707434 0.253433 0.659780  0.423480 0.909449 0
0  801.735046 -529.947205 43.553875  0.877852 0.095951 -0.469223  0.423480 0.000509 0
phys
0  801.735046 -529.947205 43.553875  0.877852 0.095951 -0.469223  0.568327 0.000509 0
0  704.666748 -485.402344 319.007874  0.052089 -0.749637 0.659796  0.519648 0.909449 0
0  793.093323 -543.174316 43.553875  0.264748 -0.842473 -0.469199  0.519648 0.000509 0
phys
0  704.666748 -485.402344 319.007874  0.052089 -0.749637 0.659796  0.519648 0.909449 0
0  700.081421 -463.533569 319.007874  -0.264755 0.842457 0.469224  0.468932 0.926878 0
0  691.439697 -476.760651 319.007874  -0.877864 -0.095967 0.469196  0.518630 0.909449 0
phys
0  779.866150 -534.532593 43.553875  -0.707425 -0.253421 -0.659794  0.518630 0.000509 0
0  801.735046 -529.947205 43.553875  0.877852 0.095951 -0.469223  0.423480 0.000509 0
0  793.093323 -543.174316 43.553875  0.264748 -0.842473 -0.469199  0.519648 0.000509 0
phys
0  871.680176 -405.227173 43.553875  0.399810 -0.787404 -0.469198  0.377009 0.926879 0
0  760.481689 -356.450989 319.007874  -0.850095 -0.239145 0.469199  0.422462 0.000509 0
0  857.211060 -398.880432 43.553875  -0.656063 -0.366407 -0.659793  0.422462 0.909449 0
phys
0  857.211060 -398.880432 43.553875  -0.656063 -0.366407 -0.659793  0.518630 0.000509 0
0  766.828369 -341.981934 319.007874  -0.399807 0.787392 0.469221  0.469950 0.909449 0
0  863.557739 -384.411377 43.553875  -0.174765 0.730854 -0.659780  0.469950 0.000509 0
phys
0  863.557739 -384.411377 43.553875  -0.174765 0.730854 -0.659780  0.468932 0.017938 0
0  781.297363 -348.328644 319.007874  0.656072 0.366415 0.659780  0.423480 0.909449 0
0  878.026855 -390.758118 43.553875  0.850085 0.239139 -0.469221  0.423480 0.000509 0
phys
0  878.026855 -390.758118 43.553875  0.850085 0.239139 -0.469221  0.568327 0.000509 0
0  774.950684 -362.797699 319.007874  0.174765 -0.730842 0.659793  0.519648 0.909449 0
0  871.680176 -405.227173 43.553875  0.399810 -0.787404 -0.469198  0.519648 0.000509 0
phys
0  774.950684 -362.797699 319.007874  0.174765 -0.730842 0.659793  0.519648 0.909449 0
0  766.828369 -341.981934 319.007874  -0.399807 0.787392 0.469221  0.468932 0.926878 0
0  760.481689 -356.450989 319.007874  -0.850095 -0.239145 0.469199  0.518630 0.909449 0
phys
0  857.211060 -398.880432 43.553875  -0.656063 -0.366407 -0.659793  0.518630 0.000509 0
0  878.026855 -390.758118 43.553875  0.850085 0.239139 -0.469221  0.423480 0.000509 0
0  871.680176 -405.227173 43.553875  0.399810 -0.787404 -0.469198  0.519648 0.000509 0
phys
0  926.489746 -256.226562 43.553875  0.523960 -0.710858 -0.469198  0.377009 0.926879 0
0  808.779541 -226.418304 319.007874  -0.799140 -0.375802 0.469200  0.422462 0.000509 0
0  911.173340 -252.347931 43.553875  -0.586805 -0.469397 -0.659792  0.422462 0.909449 0
phys
0  911.173340 -252.347931 43.553875  -0.586805 -0.469397 -0.659792  0.518630 0.000509 0
0  812.658142 -211.101944 319.007874  -0.523952 0.710848 0.469221  0.469950 0.909449 0
0  915.051941 -237.031570 43.553875  -0.292678 0.692118 -0.659782  0.469950 0.000509 0
phys
0  915.051941 -237.031570 43.553875  -0.292678 0.692118 -0.659782  0.468932 0.017938 0
0  827.974487 -214.980576 319.007874  0.586813 0.469406 0.659780  0.423480 0.909449 0
0  930.368347 -240.910202 43.553875  0.799129 0.375797 -0.469222  0.423480 0.000509 0
phys
0  930.368347 -240.910202 43.553875  0.799129 0.375797 -0.469222  0.568327 0.000509 0
0  824.095886 -230.296936 319.007874  0.292676 -0.692107 0.659795  0.519648 0.909449 0
0  926.489746 -256.226562 43.553875  0.523960 -0.710858 -0.469198  0.519648 0.000509 0
phys
0  824.095886 -230.296936 319.007874  0.292676 -0.692107 0.659795  0.519648 0.909449 0
0  812.658142 -211.101944 319.007874  -0.523952 0.710848 0.469221  0.468932 0.926878 0
0  808.779541 -226.418304 319.007874  -0.799140 -0.375802 0.469200  0.518630 0.909449 0
phys
0  911.173340 -252.347931 43.553875  -0.586805 -0.469397 -0.659792  0.518630 0.000509 0
0  930.368347 -240.910202 43.553875  0.799129 0.375797 -0.469222  0.423480 0.000509 0
0  926.489746 -256.226562 43.553875  0.523960 -0.710858 -0.469198  0.519648 0.000509 0
phys
0  956.027100 -100.236885 43.553875  0.633816 -0.614923 -0.469198  0.377009 0.926879 0
0  835.016052 -90.209618 319.007874  -0.726385 -0.502212 0.469199  0.422462 0.000509 0
0  940.281189 -98.932144 43.553875  -0.501543 -0.559579 -0.659793  0.422462 0.909449 0
phys
0  940.281189 -98.932144 43.553875  -0.501543 -0.559579 -0.659793  0.518630 0.000509 0
0  836.320801 -74.463753 319.007874  -0.633808 0.614912 0.469222  0.469950 0.909449 0
0  941.585938 -83.186279 43.553875  -0.402604 0.634506 -0.659782  0.469950 0.000509 0
phys
0  941.585938 -83.186279 43.553875  -0.402604 0.634506 -0.659782  0.468932 0.017938 0
0  852.066650 -75.768494 319.007874  0.501548 0.559589 0.659780  0.423480 0.909449 0
0  957.331848 -84.491020 43.553875  0.726377 0.502202 -0.469222  0.423480 0.000509 0
phys
0  957.331848 -84.491020 43.553875  0.726377 0.502202 -0.469222  0.568327 0.000509 0
0  850.761902 -91.514359 319.007874  0.402600 -0.634496 0.659794  0.519648 0.909449 0
0  956.027100 -100.236885 43.553875  0.633816 -0.614923 -0.469198  0.519648 0.000509 0
phys
0  850.761902 -91.514359 319.007874  0.402600 -0.634496 0.659794  0.519648 0.909449 0
0  836.320801 -74.463753 319.007874  -0.633808 0.614912 0.469222  0.468932 0.926878 0
0  835.016052 -90.209618 319.007874  -0.726385 -0.502212 0.469199  0.518630 0.909449 0
phys
0  940.281189 -98.932144 43.553875  -0.501543 -0.559579 -0.659793  0.518630 0.000509 0
0  957.331848 -84.491020 43.553875  0.726377 0.502202 -0.469222  0.423480 0.000509 0
0  956.027100 -100.236885 43.553875  0.633816 -0.614923 -0.469198  0.519648 0.000509 0
phys
0  959.486572 58.487312 43.553875  0.726387 -0.502208 -0.469200  0.377009 0.926879 0
0  838.475525 48.460030 319.007874  -0.633815 -0.614924 0.469198  0.422462 0.000509 0
0  943.740662 57.182564 43.553875  -0.402601 -0.634495 -0.659794  0.422462 0.909449 0
phys
0  943.740662 57.182564 43.553875  -0.402601 -0.634495 -0.659794  0.518630 0.000509 0
0  837.170776 64.205894 319.007874  -0.726378 0.502202 0.469222  0.469950 0.909449 0
0  942.435913 72.928429 43.553875  -0.501549 0.559589 -0.659780  0.469950 0.000509 0
phys
0  942.435913 72.928429 43.553875  -0.501549 0.559589 -0.659780  0.468932 0.017938 0
0  852.916626 65.510635 319.007874  0.402603 0.634508 0.659781  0.423480 0.909449 0
0  958.181824 74.233177 43.553875  0.633807 0.614916 -0.469221  0.423480 0.000509 0
phys
0  958.181824 74.233177 43.553875  0.633807 0.614916 -0.469221  0.568327 0.000509 0
0  854.221375 49.764771 319.007874  0.501544 -0.559577 0.659794  0.519648 0.909449 0
0  959.486572 58.487312 43.553875  0.726387 -0.502208 -0.469200  0.519648 0.000509 0
phys
0  854.221375 49.764771 319.007874  0.501544 -0.559577 0.659794  0.519648 0.909449 0
0  837.170776 64.205894 319.007874  -0.726378 0.502202 0.469222  0.468932 0.926878 0
0  838.475525 48.460030 319.007874  -0.633815 -0.614924 0.469198  0.518630 0.909449 0
phys
0  943.740662 57.182564 43.553875  -0.402601 -0.634495 -0.659794  0.518630 0.000509 0
0  958.181824 74.233177 43.553875  0.633807 0.614916 -0.469221  0.423480 0.000509 0
0  959.486572 58.487312 43.553875  0.726387 -0.502208 -0.469200  0.519648 0.000509 0
phys
0  936.773743 215.615814 43.553875  0.799138 -0.375809 -0.469197  0.377009 0.926879 0
0  819.063599 185.807526 319.007874  -0.523955 -0.710861 0.469198  0.422462 0.000509 0
0  921.457336 211.737152 43.553875  -0.292673 -0.692110 -0.659792  0.422462 0.909449 0
phys
0  921.457336 211.737152 43.553875  -0.292673 -0.692110 -0.659792  0.518630 0.000509 0
0  815.184998 201.123886 319.007874  -0.799129 0.375794 0.469224  0.469950 0.909449 0
0  917.578735 227.053513 43.553875  -0.586814 0.469401 -0.659782  0.469950 0.000509 0
phys
0  917.578735 227.053513 43.553875  -0.586814 0.469401 -0.659782  0.468932 0.017938 0
0  830.501282 205.002502 319.007874  0.292678 0.692120 0.659780  0.423480 0.909449 0
0  932.895142 230.932159 43.553875  0.523958 0.710844 -0.469222  0.423480 0.000509 0
phys
0  932.895142 230.932159 43.553875  0.523958 0.710844 -0.469222  0.568327 0.000509 0
0  834.379883 189.686157 319.007874  0.586808 -0.469393 0.659793  0.519648 0.909449 0
0  936.773743 215.615814 43.553875  0.799138 -0.375809 -0.469197  0.519648 0.000509 0
phys
0  834.379883 189.686157 319.007874  0.586808 -0.469393 0.659793  0.519648 0.909449 0
0  815.184998 201.123886 319.007874  -0.799129 0.375794 0.469224  0.468932 0.926878 0
0  819.063599 185.807526 319.007874  -0.523955 -0.710861 0.469198  0.518630 0.909449 0
phys
0  921.457336 211.737152 43.553875  -0.292673 -0.692110 -0.659792  0.518630 0.000509 0
0  932.895142 230.932159 43.553875  0.523958 0.710844 -0.469222  0.423480 0.000509 0
0  936.773743 215.615814 43.553875  0.799138 -0.375809 -0.469197  0.519648 0.000509 0
phys
0  888.508301 366.862976 43.553875  0.850095 -0.239145 -0.469199  0.377009 0.926879 0
0  777.309814 318.086792 319.007874  -0.399810 -0.787404 0.469199  0.422462 0.000509 0
0  874.039185 360.516235 43.553875  -0.174765 -0.730842 -0.659794  0.422462 0.909449 0
phys
0  874.039185 360.516235 43.553875  -0.174765 -0.730842 -0.659794  0.518630 0.000509 0
0  770.963135 332.555847 319.007874  -0.850084 0.239138 0.469223  0.469950 0.909449 0
0  867.692505 374.985291 43.553875  -0.656071 0.366415 -0.659781  0.469950 0.000509 0
phys
0  867.692505 374.985291 43.553875  -0.656071 0.366415 -0.659781  0.468932 0.017938 0
0  785.432129 338.902557 319.007874  0.174763 0.730853 0.659782  0.423480 0.909449 0
0  882.161621 381.332031 43.553875  0.399807 0.787391 -0.469223  0.423480 0.000509 0
phys
0  882.161621 381.332031 43.553875  0.399807 0.787391 -0.469223  0.568327 0.000509 0
0  791.778809 324.433502 319.007874  0.656062 -0.366407 0.659794  0.519648 0.909449 0
0  888.508301 366.862976 43.553875  0.850095 -0.239145 -0.469199  0.519648 0.000509 0
phys
0  791.778809 324.433502 319.007874  0.656062 -0.366407 0.659794  0.519648 0.909449 0
0  770.963135 332.555847 319.007874  -0.850084 0.239138 0.469223  0.468932 0.926878 0
0  777.309814 318.086792 319.007874  -0.399810 -0.787404 0.469199  0.518630 0.909449 0
phys
0  874.039185 360.516235 43.553875  -0.174765 -0.730842 -0.659794  0.518630 0.000509 0
0  882.161621 381.332031 43.553875  0.399807 0.787391 -0.469223  0.423480 0.000509 0
0  888.508301 366.862976 43.553875  0.850095 -0.239145 -0.469199  0.519648 0.000509 0
phys
0  816.006531 508.103058 43.553875  0.877865 -0.095965 -0.469194  0.377009 0.926879 0
0  714.352905 441.689423 319.007874  -0.264750 -0.842472 0.469199  0.422462 0.000509 0
0  802.779358 499.461334 43.553875  -0.052087 -0.749638 -0.659795  0.422462 0.909449 0
phys
0  802.779358 499.461334 43.553875  -0.052087 -0.749638 -0.659795  0.518630 0.000509 0
0  705.711182 454.916504 319.007874  -0.877850 0.095953 0.469226  0.469950 0.909449 0
0  794.137634 512.688416 43.553875  -0.707434 0.253431 -0.659780  0.469950 0.000509 0
phys
0  794.137634 512.688416 43.553875  -0.707434 0.253431 -0.659780  0.468932 0.017938 0
0  718.938232 463.558197 319.007874  0.052085 0.749653 0.659778  0.423480 0.909449 0
0  807.364807 521.330139 43.553875  0.264756 0.842457 -0.469224  0.423480 0.000509 0
phys
0  807.364807 521.330139 43.553875  0.264756 0.842457 -0.469224  0.568327 0.000509 0
0  727.579956 450.331116 319.007874  0.707425 -0.253421 0.659794  0.519648 0.909449 0
0  816.006531 508.103058 43.553875  0.877865 -0.095965 -0.469194  0.519648 0.000509 0
phys
0  727.579956 450.331116 319.007874  0.707425 -0.253421 0.659794  0.519648 0.909449 0
0  705.711182 454.916504 319.007874  -0.877850 0.095953 0.469226  0.468932 0.926878 0
0  714.352905 441.689423 319.007874  -0.264750 -0.842472 0.469199  0.518630 0.909449 0
phys
0  802.779358 499.461334 43.553875  -0.052087 -0.749638 -0.659795  0.518630 0.000509 0
0  807.364807 521.330139 43.553875  0.264756 0.842457 -0.469224  0.423480 0.000509 0
0  816.006531 508.103058 43.553875  0.877865 -0.095965 -0.469194  0.519648 0.000509 0
phys
0  721.246155 635.483521 43.553875  0.881684 0.049841 -0.469200  0.377009 0.926879 0
0  631.910339 553.244019 319.007874  -0.122477 -0.874558 0.469199  0.422462 0.000509 0
0  709.621826 624.782532 43.553875  0.072010 -0.747987 -0.659796  0.422462 0.909449 0
phys
0  709.621826 624.782532 43.553875  0.072010 -0.747987 -0.659796  0.518630 0.000509 0
0  621.209412 564.868347 319.007874  -0.881672 -0.049843 0.469223  0.469950 0.909449 0
0  698.920898 636.406860 43.553875  -0.739499 0.133534 -0.659780  0.469950 0.000509 0
phys
0  698.920898 636.406860 43.553875  -0.739499 0.133534 -0.659780  0.468932 0.017938 0
0  632.833679 575.569275 319.007874  -0.072014 0.748000 0.659781  0.423480 0.909449 0
0  710.545227 647.107849 43.553875  0.122476 0.874545 -0.469224  0.423480 0.000509 0
phys
0  710.545227 647.107849 43.553875  0.122476 0.874545 -0.469224  0.568327 0.000509 0
0  643.534607 563.944946 319.007874  0.739487 -0.133531 0.659795  0.519648 0.909449 0
0  721.246155 635.483521 43.553875  0.881684 0.049841 -0.469200  0.519648 0.000509 0
phys
0  643.534607 563.944946 319.007874  0.739487 -0.133531 0.659795  0.519648 0.909449 0
0  621.209412 564.868347 319.007874  -0.881672 -0.049843 0.469223  0.468932 0.926878 0
0  631.910339 553.244019 319.007874  -0.122477 -0.874558 0.469199  0.518630 0.909449 0
phys
0  709.621826 624.782532 43.553875  0.072010 -0.747987 -0.659796  0.518630 0.000509 0
0  710.545227 647.107849 43.553875  0.122476 0.874545 -0.469224  0.423480 0.000509 0
0  721.246155 635.483521 43.553875  0.881684 0.049841 -0.469200  0.519648 0.000509 0
phys
0  606.812195 745.529480 43.553875  0.861458 0.194276 -0.469199  0.377009 0.926879 0
0  532.230957 649.707458 319.007874  0.023143 -0.882790 0.469198  0.422462 0.000509 0
0  597.107727 733.061157 43.553875  0.194136 -0.725937 -0.659793  0.422462 0.909449 0
phys
0  597.107727 733.061157 43.553875  0.194136 -0.725937 -0.659793  0.518630 0.000509 0
0  519.762634 659.411926 319.007874  -0.861445 -0.194281 0.469220  0.469950 0.909449 0
0  584.639404 742.765625 43.553875  -0.751392 0.009997 -0.659780  0.469950 0.000509 0
phys
0  584.639404 742.765625 43.553875  -0.751392 0.009997 -0.659780  0.468932 0.017938 0
0  529.467041 671.880188 319.007874  -0.194150 0.725945 0.659780  0.423480 0.909449 0
0  594.343872 755.233948 43.553875  -0.023138 0.882777 -0.469222  0.423480 0.000509 0
phys
0  594.343872 755.233948 43.553875  -0.023138 0.882777 -0.469222  0.568327 0.000509 0
0  541.935364 662.175720 319.007874  0.751381 -0.009990 0.659793  0.519648 0.909449 0
0  606.812195 745.529480 43.553875  0.861458 0.194276 -0.469199  0.519648 0.000509 0
phys
0  541.935364 662.175720 319.007874  0.751381 -0.009990 0.659793  0.519648 0.909449 0
0  519.762634 659.411926 319.007874  -0.861445 -0.194281 0.469220  0.468932 0.926878 0
0  532.230957 649.707458 319.007874  0.023143 -0.882790 0.469198  0.518630 0.909449 0
phys
0  597.107727 733.061157 43.553875  0.194136 -0.725937 -0.659793  0.518630 0.000509 0
0  594.343872 755.233948 43.553875  -0.023138 0.882777 -0.469222  0.423480 0.000509 0
0  606.812195 745.529480 43.553875  0.861458 0.194276 -0.469199  0.519648 0.000509 0
phys
0  475.825836 835.239563 43.553875  0.817732 0.333420 -0.469197  0.377009 0.926879 0
0  418.033569 728.448730 319.007874  0.168129 -0.866940 0.469199  0.422462 0.000509 0
0  468.305939 821.343994 43.553875  0.310979 -0.684079 -0.659794  0.422462 0.909449 0
phys
0  468.305939 821.343994 43.553875  0.310979 -0.684079 -0.659794  0.518630 0.000509 0
0  404.138031 735.968567 319.007874  -0.817717 -0.333420 0.469222  0.469950 0.909449 0
0  454.410400 828.863831 43.553875  -0.742788 -0.113815 -0.659781  0.469950 0.000509 0
phys
0  454.410400 828.863831 43.553875  -0.742788 -0.113815 -0.659781  0.468932 0.017938 0
0  411.657898 749.864075 319.007874  -0.310987 0.684088 0.659781  0.423480 0.909449 0
0  461.930298 842.759399 43.553875  -0.168122 0.866929 -0.469221  0.423480 0.000509 0
phys
0  461.930298 842.759399 43.553875  -0.168122 0.866929 -0.469221  0.568327 0.000509 0
0  425.553436 742.344238 319.007874  0.742777 0.113817 0.659794  0.519648 0.909449 0
0  475.825836 835.239563 43.553875  0.817732 0.333420 -0.469197  0.519648 0.000509 0
phys
0  425.553436 742.344238 319.007874  0.742777 0.113817 0.659794  0.519648 0.909449 0
0  404.138031 735.968567 319.007874  -0.817717 -0.333420 0.469222  0.468932 0.926878 0
0  418.033569 728.448730 319.007874  0.168129 -0.866940 0.469199  0.518630 0.909449 0
phys
0  468.305939 821.343994 43.553875  0.310979 -0.684079 -0.659794  0.518630 0.000509 0
0  461.930298 842.759399 43.553875  -0.168122 0.866929 -0.469221  0.423480 0.000509 0
0  475.825836 835.239563 43.553875  0.817732 0.333420 -0.469197  0.519648 0.000509 0
phys
0  331.860352 902.166626 43.553875  0.751699 0.463467 -0.469199  0.377009 0.926879 0
0  292.433472 787.319946 319.007874  0.308529 -0.827444 0.469198  0.422462 0.000509 0
0  326.730133 887.222839 43.553875  0.419332 -0.623564 -0.659794  0.422462 0.909449 0
phys
0  326.730133 887.222839 43.553875  0.419332 -0.623564 -0.659794  0.518630 0.000509 0
0  277.489716 792.450134 319.007874  -0.751686 -0.463466 0.469221  0.469950 0.909449 0
0  311.786377 892.353027 43.553875  -0.713925 -0.234519 -0.659781  0.469950 0.000509 0
phys
0  311.786377 892.353027 43.553875  -0.713925 -0.234519 -0.659781  0.468932 0.017938 0
0  282.619904 807.393921 319.007874  -0.419343 0.623570 0.659782  0.423480 0.909449 0
0  316.916595 907.296814 43.553875  -0.308520 0.827434 -0.469221  0.423480 0.000509 0
phys
0  316.916595 907.296814 43.553875  -0.308520 0.827434 -0.469221  0.568327 0.000509 0
0  297.563660 802.263733 319.007874  0.713913 0.234520 0.659794  0.519648 0.909449 0
0  331.860352 902.166626 43.553875  0.751699 0.463467 -0.469199  0.519648 0.000509 0
phys
0  297.563660 802.263733 319.007874  0.713913 0.234520 0.659794  0.519648 0.909449 0
0  277.489716 792.450134 319.007874  -0.751686 -0.463466 0.469221  0.468932 0.926878 0
0  292.433472 787.319946 319.007874  0.308529 -0.827444 0.469198  0.518630 0.909449 0
phys
0  326.730133 887.222839 43.553875  0.419332 -0.623564 -0.659794  0.518630 0.000509 0
0  316.916595 907.296814 43.553875  -0.308520 0.827434 -0.469221  0.423480 0.000509 0
0  331.860352 902.166626 43.553875  0.751699 0.463467 -0.469199  0.519648 0.000509 0
phys
0  178.842422 944.484253 43.553875  0.665162 0.580872 -0.469198  0.377009 0.926879 0
0  158.856415 824.714600 319.007874  0.440515 -0.765375 0.469199  0.422462 0.000509 0
0  176.241852 928.899902 43.553875  0.516250 -0.546039 -0.659793  0.422462 0.909449 0
phys
0  176.241852 928.899902 43.553875  0.516250 -0.546039 -0.659793  0.518630 0.000509 0
0  143.272064 827.315125 319.007874  -0.665150 -0.580867 0.469222  0.469950 0.909449 0
0  160.657501 931.500427 43.553875  -0.665587 -0.348833 -0.659780  0.469950 0.000509 0
phys
0  160.657501 931.500427 43.553875  -0.665587 -0.348833 -0.659780  0.468932 0.017938 0
0  145.872620 842.899414 319.007874  -0.516259 0.546046 0.659781  0.423480 0.909449 0
0  163.258072 947.084778 43.553875  -0.440506 0.765366 -0.469222  0.423480 0.000509 0
phys
0  163.258072 947.084778 43.553875  -0.440506 0.765366 -0.469222  0.568327 0.000509 0
0  161.456970 840.298889 319.007874  0.665575 0.348830 0.659793  0.519648 0.909449 0
0  178.842422 944.484253 43.553875  0.665162 0.580872 -0.469198  0.519648 0.000509 0
phys
0  161.456970 840.298889 319.007874  0.665575 0.348830 0.659793  0.519648 0.909449 0
0  143.272064 827.315125 319.007874  -0.665150 -0.580867 0.469222  0.468932 0.926878 0
0  158.856415 824.714600 319.007874  0.440515 -0.765375 0.469199  0.518630 0.909449 0
phys
0  176.241852 928.899902 43.553875  0.516250 -0.546039 -0.659793  0.518630 0.000509 0
0  163.258072 947.084778 43.553875  -0.440506 0.765366 -0.469222  0.423480 0.000509 0
0  178.842422 944.484253 43.553875  0.665162 0.580872 -0.469198  0.519648 0.000509 0
phys
0  20.946314 961.039307 43.553875  0.560482 0.682431 -0.469199  0.377009 0.926879 0
0  20.946325 839.613525 319.007874  0.560483 -0.682431 0.469198  0.422462 0.000509 0
0  20.946316 945.239441 43.553875  0.599083 -0.453621 -0.659793  0.422462 0.909449 0
phys
0  20.946316 945.239441 43.553875  0.599083 -0.453621 -0.659793  0.518630 0.000509 0
0  5.146495 839.613525 319.007874  -0.560471 -0.682425 0.469221  0.469950 0.909449 0
0  5.146486 945.239441 43.553875  -0.599094 -0.453625 -0.659781  0.469950 0.000509 0
phys
0  5.146486 945.239441 43.553875  -0.599094 -0.453625 -0.659781  0.468932 0.017938 0
0  5.146493 855.413330 319.007874  -0.599093 0.453625 0.659781  0.423480 0.909449 0
0  5.146484 961.039307 43.553875  -0.560471 0.682424 -0.469222  0.423480 0.000509 0
phys
0  5.146484 961.039307 43.553875  -0.560471 0.682424 -0.469222  0.568327 0.000509 0
0  20.946323 855.413330 319.007874  0.599083 0.453621 0.659794  0.519648 0.909449 0
0  20.946314 961.039307 43.553875  0.560482 0.682431 -0.469199  0.519648 0.000509 0
phys
0  20.946323 855.413330 319.007874  0.599083 0.453621 0.659794  0.519648 0.909449 0
0  5.146495 839.613525 319.007874  -0.560471 -0.682425 0.469221  0.468932 0.926878 0
0  20.946325 839.613525 319.007874  0.560483 -0.682431 0.469198  0.518630 0.909449 0
phys
0  20.946316 945.239441 43.553875  0.599083 -0.453621 -0.659793  0.518630 0.000509 0
0  5.146484 961.039307 43.553875  -0.560471 0.682424 -0.469222  0.423480 0.000509 0
0  20.946314 961.039307 43.553875  0.560482 0.682431 -0.469199  0.519648 0.000509 0
phys
0  -137.521378 951.379578 43.553875  0.440513 0.765376 -0.469198  0.377009 0.926879 0
0  -117.535332 831.609924 319.007874  0.665164 -0.580870 0.469198  0.422462 0.000509 0
0  -134.920807 935.795227 43.553875  0.665576 -0.348829 -0.659794  0.422462 0.909449 0
phys
0  -134.920807 935.795227 43.553875  0.665576 -0.348829 -0.659794  0.518630 0.000509 0
0  -133.119675 829.009338 319.007874  -0.440502 -0.765369 0.469221  0.469950 0.909449 0
0  -150.505157 933.194641 43.553875  -0.516259 -0.546046 -0.659781  0.469950 0.000509 0
phys
0  -150.505157 933.194641 43.553875  -0.516259 -0.546046 -0.659781  0.468932 0.017938 0
0  -135.720245 844.593628 319.007874  -0.665588 0.348829 0.659781  0.423480 0.909449 0
0  -153.105728 948.778992 43.553875  -0.665151 0.580866 -0.469222  0.423480 0.000509 0
phys
0  -153.105728 948.778992 43.553875  -0.665151 0.580866 -0.469222  0.568327 0.000509 0
0  -120.135902 847.194214 319.007874  0.516248 0.546041 0.659793  0.519648 0.909449 0
0  -137.521378 951.379578 43.553875  0.440513 0.765376 -0.469198  0.519648 0.000509 0
phys
0  -120.135902 847.194214 319.007874  0.516248 0.546041 0.659793  0.519648 0.909449 0
0  -133.119675 829.009338 319.007874  -0.440502 -0.765369 0.469221  0.468932 0.926878 0
0  -117.535332 831.609924 319.007874  0.665164 -0.580870 0.469198  0.518630 0.909449 0
phys
0  -134.920807 935.795227 43.553875  0.665576 -0.348829 -0.659794  0.518630 0.000509 0
0  -153.105728 948.778992 43.553875  -0.665151 0.580866 -0.469222  0.423480 0.000509 0
0  -137.521378 951.379578 43.553875  0.440513 0.765376 -0.469198  0.519648 0.000509 0
phys
0  -292.237366 915.769165 43.553875  0.308530 0.827443 -0.469198  0.377009 0.926879 0
0  -252.810471 800.922485 319.007874  0.751699 -0.463467 0.469198  0.422462 0.000509 0
0  -287.107147 900.825378 43.553875  0.713914 -0.234521 -0.659793  0.422462 0.909449 0
phys
0  -287.107147 900.825378 43.553875  0.713914 -0.234521 -0.659793  0.518630 0.000509 0
0  -267.754242 795.792297 319.007874  -0.308523 -0.827432 0.469223  0.469950 0.909449 0
0  -302.050903 895.695190 43.553875  -0.419341 -0.623573 -0.659780  0.469950 0.000509 0
phys
0  -302.050903 895.695190 43.553875  -0.419341 -0.623573 -0.659780  0.468932 0.017938 0
0  -272.884430 810.736084 319.007874  -0.713925 0.234524 0.659780  0.423480 0.909449 0
0  -307.181122 910.638977 43.553875  -0.751686 0.463464 -0.469222  0.423480 0.000509 0
phys
0  -307.181122 910.638977 43.553875  -0.751686 0.463464 -0.469222  0.568327 0.000509 0
0  -257.940674 815.866272 319.007874  0.419332 0.623565 0.659794  0.519648 0.909449 0
0  -292.237366 915.769165 43.553875  0.308530 0.827443 -0.469198  0.519648 0.000509 0
phys
0  -257.940674 815.866272 319.007874  0.419332 0.623565 0.659794  0.519648 0.909449 0
0  -267.754242 795.792297 319.007874  -0.308523 -0.827432 0.469223  0.468932 0.926878 0
0  -252.810471 800.922485 319.007874  0.751699 -0.463467 0.469198  0.518630 0.909449 0
phys
0  -287.107147 900.825378 43.553875  0.713914 -0.234521 -0.659793  0.518630 0.000509 0
0  -307.181122 910.638977 43.553875  -0.751686 0.463464 -0.469222  0.423480 0.000509 0
0  -292.237366 915.769165 43.553875  0.308530 0.827443 -0.469198  0.519648 0.000509 0
phys
0  -438.982361 855.178284 43.553875  0.168129 0.866940 -0.469199  0.377009 0.926879 0
0  -381.190063 748.387451 319.007874  0.817731 -0.333421 0.469198  0.422462 0.000509 0
0  -431.462463 841.282715 43.553875  0.742777 -0.113816 -0.659794  0.422462 0.909449 0
phys
0  -431.462463 841.282715 43.553875  0.742777 -0.113816 -0.659794  0.518630 0.000509 0
0  -395.085602 740.867615 319.007874  -0.168122 -0.866929 0.469222  0.469950 0.909449 0
0  -445.358002 833.762878 43.553875  -0.310987 -0.684088 -0.659781  0.469950 0.000509 0
phys
0  -445.358002 833.762878 43.553875  -0.310987 -0.684088 -0.659781  0.468932 0.017938 0
0  -402.605469 754.763123 319.007874  -0.742789 0.113814 0.659781  0.423480 0.909449 0
0  -452.877899 847.658447 43.553875  -0.817716 0.333422 -0.469222  0.423480 0.000509 0
phys
0  -452.877899 847.658447 43.553875  -0.817716 0.333422 -0.469222  0.568327 0.000509 0
0  -388.709930 762.282959 319.007874  0.310980 0.684079 0.659793  0.519648 0.909449 0
0  -438.982361 855.178284 43.553875  0.168129 0.866940 -0.469199  0.519648 0.000509 0
phys
0  -388.709930 762.282959 319.007874  0.310980 0.684079 0.659793  0.519648 0.909449 0
0  -395.085602 740.867615 319.007874  -0.168122 -0.866929 0.469222  0.468932 0.926878 0
0  -381.190063 748.387451 319.007874  0.817731 -0.333421 0.469198  0.518630 0.909449 0
phys
0  -431.462463 841.282715 43.553875  0.742777 -0.113816 -0.659794  0.518630 0.000509 0
0  -452.877899 847.658447 43.553875  -0.817716 0.333422 -0.469222  0.423480 0.000509 0
0  -438.982361 855.178284 43.553875  0.168129 0.866940 -0.469199  0.519648 0.000509 0
phys
0  -573.753113 771.260315 43.553875  0.023144 0.882789 -0.469199  0.377009 0.926879 0
0  -499.171844 675.438354 319.007874  0.861457 -0.194279 0.469198  0.422462 0.000509 0
0  -564.048645 758.791992 43.553875  0.751380 0.009991 -0.659794  0.422462 0.909449 0
phys
0  -564.048645 758.791992 43.553875  0.751380 0.009991 -0.659794  0.518630 0.000509 0
0  -511.640106 665.733887 319.007874  -0.023136 -0.882777 0.469222  0.469950 0.909449 0
0  -576.516968 749.087524 43.553875  -0.194149 -0.725945 -0.659780  0.469950 0.000509 0
phys
0  -576.516968 749.087524 43.553875  -0.194149 -0.725945 -0.659780  0.468932 0.017938 0
0  -521.344604 678.202148 319.007874  -0.751393 -0.009997 0.659779  0.423480 0.909449 0
0  -586.221436 761.555847 43.553875  -0.861443 0.194282 -0.469222  0.423480 0.000509 0
phys
0  -586.221436 761.555847 43.553875  -0.861443 0.194282 -0.469222  0.568327 0.000509 0
0  -508.876312 687.906616 319.007874  0.194141 0.725935 0.659794  0.519648 0.909449 0
0  -573.753113 771.260315 43.553875  0.023144 0.882789 -0.469199  0.519648 0.000509 0
phys
0  -508.876312 687.906616 319.007874  0.194141 0.725935 0.659794  0.519648 0.909449 0
0  -511.640106 665.733887 319.007874  -0.023136 -0.882777 0.469222  0.468932 0.926878 0
0  -499.171844 675.438354 319.007874  0.861457 -0.194279 0.469198  0.518630 0.909449 0
phys
0  -564.048645 758.791992 43.553875  0.751380 0.009991 -0.659794  0.518630 0.000509 0
0  -586.221436 761.555847 43.553875  -0.861443 0.194282 -0.469222  0.423480 0.000509 0
0  -573.753113 771.260315 43.553875  0.023144 0.882789 -0.469199  0.519648 0.000509 0
phys
0  -692.872986 666.305054 43.553875  -0.122479 0.874559 -0.469197  0.377009 0.926879 0
0  -603.537109 584.065552 319.007874  0.881685 -0.049839 0.469198  0.422462 0.000509 0
0  -681.248596 655.604065 43.553875  0.739486 0.133534 -0.659794  0.422462 0.909449 0
phys
0  -681.248596 655.604065 43.553875  0.739486 0.133534 -0.659794  0.518630 0.000509 0
0  -614.238037 572.441223 319.007874  0.122477 -0.874546 0.469222  0.469950 0.909449 0
0  -691.949524 643.979736 43.553875  -0.072009 -0.748002 -0.659779  0.469950 0.000509 0
phys
0  -691.949524 643.979736 43.553875  -0.072009 -0.748002 -0.659779  0.468932 0.017938 0
0  -625.862305 583.142151 319.007874  -0.739498 -0.133534 0.659781  0.423480 0.909449 0
0  -703.573914 654.680725 43.553875  -0.881672 0.049839 -0.469224  0.423480 0.000509 0
phys
0  -703.573914 654.680725 43.553875  -0.881672 0.049839 -0.469224  0.568327 0.000509 0
0  -615.161377 594.766479 319.007874  0.072011 0.747989 0.659793  0.519648 0.909449 0
0  -692.872986 666.305054 43.553875  -0.122479 0.874559 -0.469197  0.519648 0.000509 0
phys
0  -615.161377 594.766479 319.007874  0.072011 0.747989 0.659793  0.519648 0.909449 0
0  -614.238037 572.441223 319.007874  0.122477 -0.874546 0.469222  0.468932 0.926878 0
0  -603.537109 584.065552 319.007874  0.881685 -0.049839 0.469198  0.518630 0.909449 0
phys
0  -681.248596 655.604065 43.553875  0.739486 0.133534 -0.659794  0.518630 0.000509 0
0  -703.573914 654.680725 43.553875  -0.881672 0.049839 -0.469224  0.423480 0.000509 0
0  -692.872986 666.305054 43.553875  -0.122479 0.874559 -0.469197  0.519648 0.000509 0
phys
0  -793.093384 543.174316 43.553875  -0.264757 0.842471 -0.469199  0.377009 0.926879 0
0  -691.439758 476.760651 319.007874  0.877863 0.095960 0.469199  0.422462 0.000509 0
0  -779.866211 534.532593 43.553875  0.707422 0.253428 -0.659794  0.422462 0.909449 0
phys
0  -779.866211 534.532593 43.553875  0.707422 0.253428 -0.659794  0.518630 0.000509 0
0  -700.081482 463.533569 319.007874  0.264750 -0.842459 0.469223  0.469950 0.909449 0
0  -788.507935 521.305481 43.553875  0.052091 -0.749650 -0.659781  0.469950 0.000509 0
phys
0  -788.507935 521.305481 43.553875  0.052091 -0.749650 -0.659781  0.468932 0.017938 0
0  -713.308533 472.175262 319.007874  -0.707434 -0.253427 0.659782  0.423480 0.909449 0
0  -801.735107 529.947205 43.553875  -0.877851 -0.095961 -0.469222  0.423480 0.000509 0
phys
0  -801.735107 529.947205 43.553875  -0.877851 -0.095961 -0.469222  0.568327 0.000509 0
0  -704.666809 485.402344 319.007874  -0.052086 0.749641 0.659792  0.519648 0.909449 0
0  -793.093384 543.174316 43.553875  -0.264757 0.842471 -0.469199  0.519648 0.000509 0
phys
0  -704.666809 485.402344 319.007874  -0.052086 0.749641 0.659792  0.519648 0.909449 0
0  -700.081482 463.533569 319.007874  0.264750 -0.842459 0.469223  0.468932 0.926878 0
0  -691.439758 476.760651 319.007874  0.877863 0.095960 0.469199  0.518630 0.909449 0
phys
0  -779.866211 534.532593 43.553875  0.707422 0.253428 -0.659794  0.518630 0.000509 0
0  -801.735107 529.947205 43.553875  -0.877851 -0.095961 -0.469222  0.423480 0.000509 0
0  -793.093384 543.174316 43.553875  -0.264757 0.842471 -0.469199  0.519648 0.000509 0
phys
0  -871.680237 405.227081 43.553875  -0.399806 0.787406 -0.469198  0.377009 0.926879 0
0  -760.481689 356.450928 319.007874  0.850096 0.239147 0.469197  0.422462 0.000509 0
0  -857.211121 398.880341 43.553875  0.656066 0.366406 -0.659791  0.422462 0.909449 0
phys
0  -857.211121 398.880341 43.553875  0.656066 0.366406 -0.659791  0.518630 0.000509 0
0  -766.828430 341.981873 319.007874  0.399809 -0.787391 0.469221  0.469950 0.909449 0
0  -863.557861 384.411285 43.553875  0.174764 -0.730853 -0.659781  0.469950 0.000509 0
phys
0  -863.557861 384.411285 43.553875  0.174764 -0.730853 -0.659781  0.468932 0.017938 0
0  -781.297485 348.328583 319.007874  -0.656071 -0.366416 0.659780  0.423480 0.909449 0
0  -878.026978 390.758026 43.553875  -0.850085 -0.239136 -0.469222  0.423480 0.000509 0
phys
0  -878.026978 390.758026 43.553875  -0.850085 -0.239136 -0.469222  0.568327 0.000509 0
0  -774.950745 362.797638 319.007874  -0.174765 0.730841 0.659794  0.519648 0.909449 0
0  -871.680237 405.227081 43.553875  -0.399806 0.787406 -0.469198  0.519648 0.000509 0
phys
0  -774.950745 362.797638 319.007874  -0.174765 0.730841 0.659794  0.519648 0.909449 0
0  -766.828430 341.981873 319.007874  0.399809 -0.787391 0.469221  0.468932 0.926878 0
0  -760.481689 356.450928 319.007874  0.850096 0.239147 0.469197  0.518630 0.909449 0
phys
0  -857.211121 398.880341 43.553875  0.656066 0.366406 -0.659791  0.518630 0.000509 0
0  -878.026978 390.758026 43.553875  -0.850085 -0.239136 -0.469222  0.423480 0.000509 0
0  -871.680237 405.227081 43.553875  -0.399806 0.787406 -0.469198  0.519648 0.000509 0
phys
0  -926.489685 256.226868 43.553875  -0.523957 0.710861 -0.469197  0.377009 0.926879 0
0  -808.779541 226.418579 319.007874  0.799139 0.375805 0.469198  0.422462 0.000509 0
0  -911.173279 252.348236 43.553875  0.586806 0.469397 -0.659792  0.422462 0.909449 0
phys
0  -911.173279 252.348236 43.553875  0.586806 0.469397 -0.659792  0.518630 0.000509 0
0  -812.658142 211.102219 319.007874  0.523955 -0.710846 0.469222  0.469950 0.909449 0
0  -915.051880 237.031876 43.553875  0.292678 -0.692118 -0.659782  0.469950 0.000509 0
phys
0  -915.051880 237.031876 43.553875  0.292678 -0.692118 -0.659782  0.468932 0.017938 0
0  -827.974426 214.980850 319.007874  -0.586812 -0.469404 0.659782  0.423480 0.909449 0
0  -930.368286 240.910522 43.553875  -0.799130 -0.375793 -0.469223  0.423480 0.000509 0
phys
0  -930.368286 240.910522 43.553875  -0.799130 -0.375793 -0.469223  0.568327 0.000509 0
0  -824.095825 230.297211 319.007874  -0.292673 0.692109 0.659794  0.519648 0.909449 0
0  -926.489685 256.226868 43.553875  -0.523957 0.710861 -0.469197  0.519648 0.000509 0
phys
0  -824.095825 230.297211 319.007874  -0.292673 0.692109 0.659794  0.519648 0.909449 0
0  -812.658142 211.102219 319.007874  0.523955 -0.710846 0.469222  0.468932 0.926878 0
0  -808.779541 226.418579 319.007874  0.799139 0.375805 0.469198  0.518630 0.909449 0
phys
0  -911.173279 252.348236 43.553875  0.586806 0.469397 -0.659792  0.518630 0.000509 0
0  -930.368286 240.910522 43.553875  -0.799130 -0.375793 -0.469223  0.423480 0.000509 0
0  -926.489685 256.226868 43.553875  -0.523957 0.710861 -0.469197  0.519648 0.000509 0
phys
0  -956.027100 100.236855 43.553875  -0.633816 0.614923 -0.469198  0.377009 0.926879 0
0  -835.016052 90.209595 319.007874  0.726386 0.502212 0.469199  0.422462 0.000509 0
0  -940.281189 98.932114 43.553875  0.501543 0.559579 -0.659793  0.422462 0.909449 0
phys
0  -940.281189 98.932114 43.553875  0.501543 0.559579 -0.659793  0.518630 0.000509 0
0  -836.320801 74.463730 319.007874  0.633809 -0.614912 0.469222  0.469950 0.909449 0
0  -941.585938 83.186249 43.553875  0.402604 -0.634506 -0.659782  0.469950 0.000509 0
phys
0  -941.585938 83.186249 43.553875  0.402604 -0.634506 -0.659782  0.468932 0.017938 0
0  -852.066650 75.768471 319.007874  -0.501548 -0.559589 0.659780  0.423480 0.909449 0
0  -957.331848 84.490990 43.553875  -0.726377 -0.502202 -0.469223  0.423480 0.000509 0
phys
0  -957.331848 84.490990 43.553875  -0.726377 -0.502202 -0.469223  0.568327 0.000509 0
0  -850.761902 91.514336 319.007874  -0.402600 0.634496 0.659794  0.519648 0.909449 0
0  -956.027100 100.236855 43.553875  -0.633816 0.614923 -0.469198  0.519648 0.000509 0
phys
0  -850.761902 91.514336 319.007874  -0.402600 0.634496 0.659794  0.519648 0.909449 0
0  -836.320801 74.463730 319.007874  0.633809 -0.614912 0.469222  0.468932 0.926878 0
0  -835.016052 90.209595 319.007874  0.726386 0.502212 0.469199  0.518630 0.909449 0
phys
0  -940.281189 98.932114 43.553875  0.501543 0.559579 -0.659793  0.518630 0.000509 0
0  -957.331848 84.490990 43.553875  -0.726377 -0.502202 -0.469223  0.423480 0.000509 0
0  -956.027100 100.236855 43.553875  -0.633816 0.614923 -0.469198  0.519648 0.000509 0
phys
0  -959.486572 -58.487175 43.553875  -0.726387 0.502208 -0.469200  0.377009 0.926879 0
0  -838.475525 -48.459908 319.007874  0.633816 0.614923 0.469198  0.422462 0.000509 0
0  -943.740662 -57.182434 43.553875  0.402600 0.634495 -0.659794  0.422462 0.909449 0
phys
0  -943.740662 -57.182434 43.553875  0.402600 0.634495 -0.659794  0.518630 0.000509 0
0  -837.170776 -64.205772 319.007874  0.726377 -0.502202 0.469222  0.469950 0.909449 0
0  -942.435913 -72.928299 43.553875  0.501549 -0.559588 -0.659780  0.469950 0.000509 0
phys
0  -942.435913 -72.928299 43.553875  0.501549 -0.559588 -0.659780  0.468932 0.017938 0
0  -852.916626 -65.510513 319.007874  -0.402603 -0.634508 0.659781  0.423480 0.909449 0
0  -958.181824 -74.233040 43.553875  -0.633807 -0.614915 -0.469221  0.423480 0.000509 0
phys
0  -958.181824 -74.233040 43.553875  -0.633807 -0.614915 -0.469221  0.568327 0.000509 0
0  -854.221375 -49.764648 319.007874  -0.501544 0.559577 0.659794  0.519648 0.909449 0
0  -959.486572 -58.487175 43.553875  -0.726387 0.502208 -0.469200  0.519648 0.000509 0
phys
0  -854.221375 -49.764648 319.007874  -0.501544 0.559577 0.659794  0.519648 0.909449 0
0  -837.170776 -64.205772 319.007874  0.726377 -0.502202 0.469222  0.468932 0.926878 0
0  -838.475525 -48.459908 319.007874  0.633816 0.614923 0.469198  0.518630 0.909449 0
phys
0  -943.740662 -57.182434 43.553875  0.402600 0.634495 -0.659794  0.518630 0.000509 0
0  -958.181824 -74.233040 43.553875  -0.633807 -0.614915 -0.469221  0.423480 0.000509 0
0  -959.486572 -58.487175 43.553875  -0.726387 0.502208 -0.469200  0.519648 0.000509 0
phys
0  -936.773743 -215.615936 43.553875  -0.799138 0.375810 -0.469197  0.377009 0.926879 0
0  -819.063599 -185.807648 319.007874  0.523955 0.710862 0.469198  0.422462 0.000509 0
0  -921.457336 -211.737305 43.553875  0.292674 0.692110 -0.659792  0.422462 0.909449 0
phys
0  -921.457336 -211.737305 43.553875  0.292674 0.692110 -0.659792  0.518630 0.000509 0
0  -815.184998 -201.124008 319.007874  0.799129 -0.375794 0.469224  0.469950 0.909449 0
0  -917.578735 -227.053650 43.553875  0.586814 -0.469401 -0.659782  0.469950 0.000509 0
phys
0  -917.578735 -227.053650 43.553875  0.586814 -0.469401 -0.659782  0.468932 0.017938 0
0  -830.501282 -205.002625 319.007874  -0.292677 -0.692119 0.659781  0.423480 0.909449 0
0  -932.895142 -230.932297 43.553875  -0.523957 -0.710843 -0.469223  0.423480 0.000509 0
phys
0  -932.895142 -230.932297 43.553875  -0.523957 -0.710843 -0.469223  0.568327 0.000509 0
0  -834.379883 -189.686279 319.007874  -0.586808 0.469393 0.659793  0.519648 0.909449 0
0  -936.773743 -215.615936 43.553875  -0.799138 0.375810 -0.469197  0.519648 0.000509 0
phys
0  -834.379883 -189.686279 319.007874  -0.586808 0.469393 0.659793  0.519648 0.909449 0
0  -815.184998 -201.124008 319.007874  0.799129 -0.375794 0.469224  0.468932 0.926878 0
0  -819.063599 -185.807648 319.007874  0.523955 0.710862 0.469198  0.518630 0.909449 0
phys
0  -921.457336 -211.737305 43.553875  0.292674 0.692110 -0.659792  0.518630 0.000509 0
0  -932.895142 -230.932297 43.553875  -0.523957 -0.710843 -0.469223  0.423480 0.000509 0
0  -936.773743 -215.615936 43.553875  -0.799138 0.375810 -0.469197  0.519648 0.000509 0
phys
0  -888.508362 -366.862732 43.553875  -0.850097 0.239142 -0.469198  0.377009 0.926879 0
0  -777.309814 -318.086578 319.007874  0.399808 0.787405 0.469198  0.422462 0.000509 0
0  -874.039246 -360.516022 43.553875  0.174762 0.730844 -0.659792  0.422462 0.909449 0
phys
0  -874.039246 -360.516022 43.553875  0.174762 0.730844 -0.659792  0.518630 0.000509 0
0  -770.963074 -332.555634 319.007874  0.850084 -0.239137 0.469223  0.469950 0.909449 0
0  -867.692505 -374.985077 43.553875  0.656072 -0.366412 -0.659782  0.469950 0.000509 0
phys
0  -867.692505 -374.985077 43.553875  0.656072 -0.366412 -0.659782  0.468932 0.017938 0
0  -785.432129 -338.902344 319.007874  -0.174766 -0.730853 0.659781  0.423480 0.909449 0
0  -882.161621 -381.331787 43.553875  -0.399806 -0.787392 -0.469222  0.423480 0.000509 0
phys
0  -882.161621 -381.331787 43.553875  -0.399806 -0.787392 -0.469222  0.568327 0.000509 0
0  -791.778870 -324.433289 319.007874  -0.656063 0.366408 0.659793  0.519648 0.909449 0
0  -888.508362 -366.862732 43.553875  -0.850097 0.239142 -0.469198  0.519648 0.000509 0
phys
0  -791.778870 -324.433289 319.007874  -0.656063 0.366408 0.659793  0.519648 0.909449 0
0  -770.963074 -332.555634 319.007874  0.850084 -0.239137 0.469223  0.468932 0.926878 0
0  -777.309814 -318.086578 319.007874  0.399808 0.787405 0.469198  0.518630 0.909449 0
phys
0  -874.039246 -360.516022 43.553875  0.174762 0.730844 -0.659792  0.518630 0.000509 0
0  -882.161621 -381.331787 43.553875  -0.399806 -0.787392 -0.469222  0.423480 0.000509 0
0  -888.508362 -366.862732 43.553875  -0.850097 0.239142 -0.469198  0.519648 0.000509 0
phys
0  -816.006287 -508.103424 43.553875  -0.877863 0.095960 -0.469200  0.377009 0.926879 0
0  -714.352722 -441.689789 319.007874  0.264754 0.842470 0.469200  0.422462 0.000509 0
0  -802.779175 -499.461700 43.553875  0.052086 0.749641 -0.659792  0.422462 0.909449 0
phys
0  -802.779175 -499.461700 43.553875  0.052086 0.749641 -0.659792  0.518630 0.000509 0
0  -705.710999 -454.916870 319.007874  0.877851 -0.095958 0.469222  0.469950 0.909449 0
0  -794.137451 -512.688782 43.553875  0.707431 -0.253429 -0.659784  0.469950 0.000509 0
phys
0  -794.137451 -512.688782 43.553875  0.707431 -0.253429 -0.659784  0.468932 0.017938 0
0  -718.938049 -463.558563 319.007874  -0.052086 -0.749649 0.659783  0.423480 0.909449 0
0  -807.364563 -521.330505 43.553875  -0.264753 -0.842458 -0.469222  0.423480 0.000509 0
phys
0  -807.364563 -521.330505 43.553875  -0.264753 -0.842458 -0.469222  0.568327 0.000509 0
0  -727.579773 -450.331482 319.007874  -0.707424 0.253425 0.659793  0.519648 0.909449 0
0  -816.006287 -508.103424 43.553875  -0.877863 0.095960 -0.469200  0.519648 0.000509 0
phys
0  -727.579773 -450.331482 319.007874  -0.707424 0.253425 0.659793  0.519648 0.909449 0
0  -705.710999 -454.916870 319.007874  0.877851 -0.095958 0.469222  0.468932 0.926878 0
0  -714.352722 -441.689789 319.007874  0.264754 0.842470 0.469200  0.518630 0.909449 0
phys
0  -802.779175 -499.461700 43.553875  0.052086 0.749641 -0.659792  0.518630 0.000509 0
0  -807.364563 -521.330505 43.553875  -0.264753 -0.842458 -0.469222  0.423480 0.000509 0
0  -816.006287 -508.103424 43.553875  -0.877863 0.095960 -0.469200  0.519648 0.000509 0
phys
0  -721.245972 -635.483765 43.553875  -0.881685 -0.049837 -0.469200  0.377009 0.926879 0
0  -631.910156 -553.244263 319.007874  0.122478 0.874557 0.469200  0.422462 0.000509 0
0  -709.621643 -624.782837 43.553875  -0.072006 0.747990 -0.659793  0.422462 0.909449 0
phys
0  -709.621643 -624.782837 43.553875  -0.072006 0.747990 -0.659793  0.518630 0.000509 0
0  -621.209167 -564.868591 319.007874  0.881674 0.049838 0.469220  0.469950 0.909449 0
0  -698.920654 -636.407166 43.553875  0.739499 -0.133533 -0.659780  0.469950 0.000509 0
phys
0  -698.920654 -636.407166 43.553875  0.739499 -0.133533 -0.659780  0.468932 0.017938 0
0  -632.833435 -575.569519 319.007874  0.072012 -0.748000 0.659781  0.423480 0.909449 0
0  -710.544983 -647.108093 43.553875  -0.122477 -0.874545 -0.469224  0.423480 0.000509 0
phys
0  -710.544983 -647.108093 43.553875  -0.122477 -0.874545 -0.469224  0.568327 0.000509 0
0  -643.534424 -563.945190 319.007874  -0.739488 0.133529 0.659794  0.519648 0.909449 0
0  -721.245972 -635.483765 43.553875  -0.881685 -0.049837 -0.469200  0.519648 0.000509 0
phys
0  -643.534424 -563.945190 319.007874  -0.739488 0.133529 0.659794  0.519648 0.909449 0
0  -621.209167 -564.868591 319.007874  0.881674 0.049838 0.469220  0.468932 0.926878 0
0  -631.910156 -553.244263 319.007874  0.122478 0.874557 0.469200  0.518630 0.909449 0
phys
0  -709.621643 -624.782837 43.553875  -0.072006 0.747990 -0.659793  0.518630 0.000509 0
0  -710.544983 -647.108093 43.553875  -0.122477 -0.874545 -0.469224  0.423480 0.000509 0
0  -721.245972 -635.483765 43.553875  -0.881685 -0.049837 -0.469200  0.519648 0.000509 0
phys
0  -606.812073 -745.529663 43.553875  -0.861457 -0.194276 -0.469200  0.377009 0.926879 0
0  -532.230835 -649.707642 319.007874  -0.023143 0.882788 0.469200  0.422462 0.000509 0
0  -597.107605 -733.061340 43.553875  -0.194137 0.725936 -0.659793  0.422462 0.909449 0
phys
0  -597.107605 -733.061340 43.553875  -0.194137 0.725936 -0.659793  0.518630 0.000509 0
0  -519.762512 -659.412109 319.007874  0.861444 0.194280 0.469222  0.469950 0.909449 0
0  -584.639282 -742.765808 43.553875  0.751390 -0.009999 -0.659782  0.469950 0.000509 0
phys
0  -584.639282 -742.765808 43.553875  0.751390 -0.009999 -0.659782  0.468932 0.017938 0
0  -529.466980 -671.880371 319.007874  0.194146 -0.725944 0.659782  0.423480 0.909449 0
0  -594.343750 -755.234131 43.553875  0.023136 -0.882777 -0.469221  0.423480 0.000509 0
phys
0  -594.343750 -755.234131 43.553875  0.023136 -0.882777 -0.469221  0.568327 0.000509 0
0  -541.935303 -662.175903 319.007874  -0.751382 0.009991 0.659792  0.519648 0.909449 0
0  -606.812073 -745.529663 43.553875  -0.861457 -0.194276 -0.469200  0.519648 0.000509 0
phys
0  -541.935303 -662.175903 319.007874  -0.751382 0.009991 0.659792  0.519648 0.909449 0
0  -519.762512 -659.412109 319.007874  0.861444 0.194280 0.469222  0.468932 0.926878 0
0  -532.230835 -649.707642 319.007874  -0.023143 0.882788 0.469200  0.518630 0.909449 0
phys
0  -597.107605 -733.061340 43.553875  -0.194137 0.725936 -0.659793  0.518630 0.000509 0
0  -594.343750 -755.234131 43.553875  0.023136 -0.882777 -0.469221  0.423480 0.000509 0
0  -606.812073 -745.529663 43.553875  -0.861457 -0.194276 -0.469200  0.519648 0.000509 0
phys
0  -475.825714 -835.239563 43.553875  -0.817731 -0.333422 -0.469196  0.377009 0.926879 0
0  -418.033478 -728.448792 319.007874  -0.168130 0.866940 0.469198  0.422462 0.000509 0
0  -468.305817 -821.343994 43.553875  -0.310980 0.684079 -0.659793  0.422462 0.909449 0
phys
0  -468.305817 -821.343994 43.553875  -0.310980 0.684079 -0.659793  0.518630 0.000509 0
0  -404.137939 -735.968628 319.007874  0.817717 0.333420 0.469223  0.469950 0.909449 0
0  -454.410278 -828.863831 43.553875  0.742789 0.113815 -0.659781  0.469950 0.000509 0
phys
0  -454.410278 -828.863831 43.553875  0.742789 0.113815 -0.659781  0.468932 0.017938 0
0  -411.657806 -749.864136 319.007874  0.310985 -0.684089 0.659781  0.423480 0.909449 0
0  -461.930176 -842.759399 43.553875  0.168123 -0.866929 -0.469221  0.423480 0.000509 0
phys
0  -461.930176 -842.759399 43.553875  0.168123 -0.866929 -0.469221  0.568327 0.000509 0
0  -425.553345 -742.344299 319.007874  -0.742778 -0.113817 0.659793  0.519648 0.909449 0
0  -475.825714 -835.239563 43.553875  -0.817731 -0.333422 -0.469196  0.519648 0.000509 0
phys
0  -425.553345 -742.344299 319.007874  -0.742778 -0.113817 0.659793  0.519648 0.909449 0
0  -404.137939 -735.968628 319.007874  0.817717 0.333420 0.469223  0.468932 0.926878 0
0  -418.033478 -728.448792 319.007874  -0.168130 0.866940 0.469198  0.518630 0.909449 0
phys
0  -468.305817 -821.343994 43.553875  -0.310980 0.684079 -0.659793  0.518630 0.000509 0
0  -461.930176 -842.759399 43.553875  0.168123 -0.866929 -0.469221  0.423480 0.000509 0
0  -475.825714 -835.239563 43.553875  -0.817731 -0.333422 -0.469196  0.519648 0.000509 0
phys
0  -331.860077 -902.166382 43.553875  -0.751699 -0.463465 -0.469199  0.377009 0.926879 0
0  -292.433228 -787.319763 319.007874  -0.308531 0.827442 0.469199  0.422462 0.000509 0
0  -326.729858 -887.222595 43.553875  -0.419331 0.623567 -0.659792  0.422462 0.909449 0
phys
0  -326.729858 -887.222595 43.553875  -0.419331 0.623567 -0.659792  0.518630 0.000509 0
0  -277.489471 -792.449951 319.007874  0.751686 0.463463 0.469222  0.469950 0.909449 0
0  -311.786102 -892.352783 43.553875  0.713926 0.234521 -0.659780  0.469950 0.000509 0
phys
0  -311.786102 -892.352783 43.553875  0.713926 0.234521 -0.659780  0.468932 0.017938 0
0  -282.619659 -807.393677 319.007874  0.419341 -0.623573 0.659780  0.423480 0.909449 0
0  -316.916321 -907.296570 43.553875  0.308520 -0.827433 -0.469222  0.423480 0.000509 0
phys
0  -316.916321 -907.296570 43.553875  0.308520 -0.827433 -0.469222  0.568327 0.000509 0
0  -297.563416 -802.263489 319.007874  -0.713913 -0.234523 0.659793  0.519648 0.909449 0
0  -331.860077 -902.166382 43.553875  -0.751699 -0.463465 -0.469199  0.519648 0.000509 0
phys
0  -297.563416 -802.263489 319.007874  -0.713913 -0.234523 0.659793  0.519648 0.909449 0
0  -277.489471 -792.449951 319.007874  0.751686 0.463463 0.469222  0.468932 0.926878 0
0  -292.433228 -787.319763 319.007874  -0.308531 0.827442 0.469199  0.518630 0.909449 0
phys
0  -326.729858 -887.222595 43.553875  -0.419331 0.623567 -0.659792  0.518630 0.000509 0
0  -316.916321 -907.296570 43.553875  0.308520 -0.827433 -0.469222  0.423480 0.000509 0
0  -331.860077 -902.166382 43.553875  -0.751699 -0.463465 -0.469199  0.519648 0.000509 0
phys
0  -178.842545 -944.484314 43.553875  -0.665163 -0.580871 -0.469198  0.377009 0.926879 0
0  -158.856522 -824.714600 319.007874  -0.440513 0.765377 0.469198  0.422462 0.000509 0
0  -176.241974 -928.899963 43.553875  -0.516249 0.546040 -0.659794  0.422462 0.909449 0
phys
0  -176.241974 -928.899963 43.553875  -0.516249 0.546040 -0.659794  0.518630 0.000509 0
0  -143.272171 -827.315186 319.007874  0.665151 0.580866 0.469221  0.469950 0.909449 0
0  -160.657623 -931.500549 43.553875  0.665587 0.348831 -0.659781  0.469950 0.000509 0
phys
0  -160.657623 -931.500549 43.553875  0.665587 0.348831 -0.659781  0.468932 0.017938 0
0  -145.872742 -842.899536 319.007874  0.516259 -0.546045 0.659781  0.423480 0.909449 0
0  -163.258194 -947.084900 43.553875  0.440504 -0.765368 -0.469222  0.423480 0.000509 0
phys
0  -163.258194 -947.084900 43.553875  0.440504 -0.765368 -0.469222  0.568327 0.000509 0
0  -161.457092 -840.298950 319.007874  -0.665576 -0.348828 0.659793  0.519648 0.909449 0
0  -178.842545 -944.484314 43.553875  -0.665163 -0.580871 -0.469198  0.519648 0.000509 0
phys
0  -161.457092 -840.298950 319.007874  -0.665576 -0.348828 0.659793  0.519648 0.909449 0
0  -143.272171 -827.315186 319.007874  0.665151 0.580866 0.469221  0.468932 0.926878 0
0  -158.856522 -824.714600 319.007874  -0.440513 0.765377 0.469198  0.518630 0.909449 0
phys
0  -176.241974 -928.899963 43.553875  -0.516249 0.546040 -0.659794  0.518630 0.000509 0
0  -163.258194 -947.084900 43.553875  0.440504 -0.765368 -0.469222  0.423480 0.000509 0
0  -178.842545 -944.484314 43.553875  -0.665163 -0.580871 -0.469198  0.519648 0.000509 0
phys
0  -20.946398 -961.039307 43.553875  -0.560482 -0.682431 -0.469199  0.377009 0.926879 0
0  -20.946398 -855.413330 319.007874  -0.599083 -0.453621 0.659793  0.377009 0.017938 0
0  -20.946398 -839.613525 319.007874  -0.560482 0.682431 0.469198  0.422462 0.000509 0
phys
0  -20.946398 -945.239441 43.553875  -0.599083 0.453621 -0.659793  0.518630 0.000509 0
0  -20.946398 -839.613525 319.007874  -0.560482 0.682431 0.469198  0.518630 0.909449 0
0  -5.146568 -839.613525 319.007874  0.560471 0.682425 0.469221  0.469950 0.909449 0
phys
0  -5.146568 -945.239441 43.553875  0.599094 0.453625 -0.659781  0.468932 0.017938 0
0  -5.146568 -839.613525 319.007874  0.560471 0.682425 0.469221  0.468932 0.926878 0
0  -5.146568 -855.413330 319.007874  0.599093 -0.453625 0.659781  0.423480 0.909449 0
phys
0  -5.146568 -961.039307 43.553875  0.560471 -0.682424 -0.469222  0.568327 0.000509 0
0  -5.146568 -855.413330 319.007874  0.599093 -0.453625 0.659781  0.568327 0.909449 0
0  -20.946398 -855.413330 319.007874  -0.599083 -0.453621 0.659793  0.519648 0.909449 0
phys
0  -20.946398 -855.413330 319.007874  -0.599083 -0.453621 0.659793  0.519648 0.909449 0
0  -5.146568 -855.413330 319.007874  0.599093 -0.453625 0.659781  0.568327 0.909449 0
0  -5.146568 -839.613525 319.007874  0.560471 0.682425 0.469221  0.468932 0.926878 0
phys
0  -20.946398 -945.239441 43.553875  -0.599083 0.453621 -0.659793  0.518630 0.000509 0
0  -5.146568 -945.239441 43.553875  0.599094 0.453625 -0.659781  0.469950 0.000509 0
0  -5.146568 -961.039307 43.553875  0.560471 -0.682424 -0.469222  0.423480 0.000509 0
phys
0  137.521179 -951.379700 43.553875  -0.440513 -0.765376 -0.469199  0.377009 0.926879 0
0  120.135712 -847.194336 319.007874  -0.516249 -0.546040 0.659794  0.377009 0.017938 0
0  117.535156 -831.609985 319.007874  -0.665161 0.580872 0.469200  0.422462 0.000509 0
phys
0  134.920609 -935.795349 43.553875  -0.665576 0.348828 -0.659794  0.518630 0.000509 0
0  117.535156 -831.609985 319.007874  -0.665161 0.580872 0.469200  0.518630 0.909449 0
0  133.119507 -829.009399 319.007874  0.440503 0.765368 0.469222  0.469950 0.909449 0
phys
0  150.504959 -933.194763 43.553875  0.516259 0.546046 -0.659781  0.468932 0.017938 0
0  133.119507 -829.009399 319.007874  0.440503 0.765368 0.469222  0.468932 0.926878 0
0  135.720062 -844.593750 319.007874  0.665586 -0.348830 0.659782  0.423480 0.909449 0
phys
0  153.105530 -948.779114 43.553875  0.665150 -0.580866 -0.469222  0.568327 0.000509 0
0  135.720062 -844.593750 319.007874  0.665586 -0.348830 0.659782  0.568327 0.909449 0
0  120.135712 -847.194336 319.007874  -0.516249 -0.546040 0.659794  0.519648 0.909449 0
phys
0  120.135712 -847.194336 319.007874  -0.516249 -0.546040 0.659794  0.519648 0.909449 0
0  135.720062 -844.593750 319.007874  0.665586 -0.348830 0.659782  0.568327 0.909449 0
0  133.119507 -829.009399 319.007874  0.440503 0.765368 0.469222  0.468932 0.926878 0
phys
0  134.920609 -935.795349 43.553875  -0.665576 0.348828 -0.659794  0.518630 0.000509 0
0  150.504959 -933.194763 43.553875  0.516259 0.546046 -0.659781  0.469950 0.000509 0
0  153.105530 -948.779114 43.553875  0.665150 -0.580866 -0.469222  0.423480 0.000509 0
phys
0  292.237549 -915.768799 43.553875  -0.308528 -0.827444 -0.469198  0.377009 0.926879 0
0  257.940826 -815.865967 319.007874  -0.419335 -0.623563 0.659794  0.377009 0.017938 0
0  252.810638 -800.922180 319.007874  -0.751699 0.463469 0.469197  0.422462 0.000509 0
phys
0  287.107330 -900.825012 43.553875  -0.713914 0.234519 -0.659794  0.518630 0.000509 0
0  252.810638 -800.922180 319.007874  -0.751699 0.463469 0.469197  0.518630 0.909449 0
0  267.754395 -795.791992 319.007874  0.308521 0.827433 0.469222  0.469950 0.909449 0
phys
0  302.051086 -895.694824 43.553875  0.419341 0.623574 -0.659780  0.468932 0.017938 0
0  267.754395 -795.791992 319.007874  0.308521 0.827433 0.469222  0.468932 0.926878 0
0  272.884583 -810.735779 319.007874  0.713924 -0.234523 0.659781  0.423480 0.909449 0
phys
0  307.181305 -910.638611 43.553875  0.751686 -0.463462 -0.469223  0.568327 0.000509 0
0  272.884583 -810.735779 319.007874  0.713924 -0.234523 0.659781  0.568327 0.909449 0
0  257.940826 -815.865967 319.007874  -0.419335 -0.623563 0.659794  0.519648 0.909449 0
phys
0  257.940826 -815.865967 319.007874  -0.419335 -0.623563 0.659794  0.519648 0.909449 0
0  272.884583 -810.735779 319.007874  0.713924 -0.234523 0.659781  0.568327 0.909449 0
0  267.754395 -795.791992 319.007874  0.308521 0.827433 0.469222  0.468932 0.926878 0
phys
0  287.107330 -900.825012 43.553875  -0.713914 0.234519 -0.659794  0.518630 0.000509 0
0  302.051086 -895.694824 43.553875  0.419341 0.623574 -0.659780  0.469950 0.000509 0
0  307.181305 -910.638611 43.553875  0.751686 -0.463462 -0.469223  0.423480 0.000509 0
phys
0  438.982361 -855.178223 43.553875  -0.168130 -0.866940 -0.469198  0.377009 0.926879 0
0  388.709930 -762.282898 319.007874  -0.310980 -0.684079 0.659794  0.377009 0.017938 0
0  381.190063 -748.387390 319.007874  -0.817731 0.333421 0.469197  0.422462 0.000509 0
phys
0  431.462463 -841.282654 43.553875  -0.742777 0.113816 -0.659793  0.518630 0.000509 0
0  381.190063 -748.387390 319.007874  -0.817731 0.333421 0.469197  0.518630 0.909449 0
0  395.085602 -740.867554 319.007874  0.168122 0.866929 0.469222  0.469950 0.909449 0
phys
0  445.358002 -833.762817 43.553875  0.310987 0.684087 -0.659782  0.468932 0.017938 0
0  395.085602 -740.867554 319.007874  0.168122 0.866929 0.469222  0.468932 0.926878 0
0  402.605469 -754.763062 319.007874  0.742788 -0.113814 0.659782  0.423480 0.909449 0
phys
0  452.877899 -847.658386 43.553875  0.817717 -0.333422 -0.469222  0.568327 0.000509 0
0  402.605469 -754.763062 319.007874  0.742788 -0.113814 0.659782  0.568327 0.909449 0
0  388.709930 -762.282898 319.007874  -0.310980 -0.684079 0.659794  0.519648 0.909449 0
phys
0  388.709930 -762.282898 319.007874  -0.310980 -0.684079 0.659794  0.519648 0.909449 0
0  402.605469 -754.763062 319.007874  0.742788 -0.113814 0.659782  0.568327 0.909449 0
0  395.085602 -740.867554 319.007874  0.168122 0.866929 0.469222  0.468932 0.926878 0
phys
0  431.462463 -841.282654 43.553875  -0.742777 0.113816 -0.659793  0.518630 0.000509 0
0  445.358002 -833.762817 43.553875  0.310987 0.684087 -0.659782  0.469950 0.000509 0
0  452.877899 -847.658386 43.553875  0.817717 -0.333422 -0.469222  0.423480 0.000509 0
phys
0  573.752930 -771.260559 43.553875  -0.023145 -0.882788 -0.469201  0.377009 0.926879 0
0  508.876099 -687.906799 319.007874  -0.194141 -0.725935 0.659794  0.377009 0.017938 0
0  499.171692 -675.438538 319.007874  -0.861457 0.194279 0.469198  0.422462 0.000509 0
phys
0  564.048462 -758.792236 43.553875  -0.751381 -0.009991 -0.659793  0.518630 0.000509 0
0  499.171692 -675.438538 319.007874  -0.861457 0.194279 0.469198  0.518630 0.909449 0
0  511.639984 -665.734070 319.007874  0.023135 0.882778 0.469221  0.469950 0.909449 0
phys
0  576.516785 -749.087769 43.553875  0.194147 0.725943 -0.659783  0.468932 0.017938 0
0  511.639984 -665.734070 319.007874  0.023135 0.882778 0.469221  0.468932 0.926878 0
0  521.344421 -678.202332 319.007874  0.751391 0.010000 0.659781  0.423480 0.909449 0
phys
0  586.221252 -761.556091 43.553875  0.861443 -0.194282 -0.469222  0.568327 0.000509 0
0  521.344421 -678.202332 319.007874  0.751391 0.010000 0.659781  0.568327 0.909449 0
0  508.876099 -687.906799 319.007874  -0.194141 -0.725935 0.659794  0.519648 0.909449 0
phys
0  508.876099 -687.906799 319.007874  -0.194141 -0.725935 0.659794  0.519648 0.909449 0
0  521.344421 -678.202332 319.007874  0.751391 0.010000 0.659781  0.568327 0.909449 0
0  511.639984 -665.734070 319.007874  0.023135 0.882778 0.469221  0.468932 0.926878 0
phys
0  564.048462 -758.792236 43.553875  -0.751381 -0.009991 -0.659793  0.518630 0.000509 0
0  576.516785 -749.087769 43.553875  0.194147 0.725943 -0.659783  0.469950 0.000509 0
0  586.221252 -761.556091 43.553875  0.861443 -0.194282 -0.469222  0.423480 0.000509 0
phys
0  692.873047 -666.304932 43.553875  0.122478 -0.874559 -0.469198  0.377009 0.926879 0
0  615.161499 -594.766418 319.007874  -0.072008 -0.747990 0.659792  0.377009 0.017938 0
0  603.537231 -584.065491 319.007874  -0.881685 0.049835 0.469198  0.422462 0.000509 0
phys
0  681.248718 -655.603943 43.553875  -0.739488 -0.133530 -0.659794  0.518630 0.000509 0
0  603.537231 -584.065491 319.007874  -0.881685 0.049835 0.469198  0.518630 0.909449 0
0  614.238159 -572.441162 319.007874  -0.122478 0.874545 0.469224  0.469950 0.909449 0
phys
0  691.949646 -643.979614 43.553875  0.072011 0.748001 -0.659779  0.468932 0.017938 0
0  614.238159 -572.441162 319.007874  -0.122478 0.874545 0.469224  0.468932 0.926878 0
0  625.862427 -583.142090 319.007874  0.739499 0.133533 0.659780  0.423480 0.909449 0
phys
0  703.573975 -654.680603 43.553875  0.881673 -0.049838 -0.469222  0.568327 0.000509 0
0  625.862427 -583.142090 319.007874  0.739499 0.133533 0.659780  0.568327 0.909449 0
0  615.161499 -594.766418 319.007874  -0.072008 -0.747990 0.659792  0.519648 0.909449 0
phys
0  615.161499 -594.766418 319.007874  -0.072008 -0.747990 0.659792  0.519648 0.909449 0
0  625.862427 -583.142090 319.007874  0.739499 0.133533 0.659780  0.568327 0.909449 0
0  614.238159 -572.441162 319.007874  -0.122478 0.874545 0.469224  0.468932 0.926878 0
phys
0  681.248718 -655.603943 43.553875  -0.739488 -0.133530 -0.659794  0.518630 0.000509 0
0  691.949646 -643.979614 43.553875  0.072011 0.748001 -0.659779  0.469950 0.000509 0
0  703.573975 -654.680603 43.553875  0.881673 -0.049838 -0.469222  0.423480 0.000509 0
phys
0  793.093323 -543.174316 43.553875  0.264748 -0.842473 -0.469199  0.377009 0.926879 0
0  704.666748 -485.402344 319.007874  0.052089 -0.749637 0.659796  0.377009 0.017938 0
0  691.439697 -476.760651 319.007874  -0.877864 -0.095967 0.469196  0.422462 0.000509 0
phys
0  779.866150 -534.532593 43.553875  -0.707425 -0.253421 -0.659794  0.518630 0.000509 0
0  691.439697 -476.760651 319.007874  -0.877864 -0.095967 0.469196  0.518630 0.909449 0
0  700.081421 -463.533569 319.007874  -0.264755 0.842457 0.469224  0.469950 0.909449 0
phys
0  788.507874 -521.305481 43.553875  -0.052083 0.749651 -0.659780  0.468932 0.017938 0
0  700.081421 -463.533569 319.007874  -0.264755 0.842457 0.469224  0.468932 0.926878 0
0  713.308472 -472.175262 319.007874  0.707434 0.253433 0.659780  0.423480 0.909449 0
phys
0  801.735046 -529.947205 43.553875  0.877852 0.095951 -0.469223  0.568327 0.000509 0
0  713.308472 -472.175262 319.007874  0.707434 0.253433 0.659780  0.568327 0.909449 0
0  704.666748 -485.402344 319.007874  0.052089 -0.749637 0.659796  0.519648 0.909449 0
phys
0  704.666748 -485.402344 319.007874  0.052089 -0.749637 0.659796  0.519648 0.909449 0
0  713.308472 -472.175262 319.007874  0.707434 0.253433 0.659780  0.568327 0.909449 0
0  700.081421 -463.533569 319.007874  -0.264755 0.842457 0.469224  0.468932 0.926878 0
phys
0  779.866150 -534.532593 43.553875  -0.707425 -0.253421 -0.659794  0.518630 0.000509 0
0  788.507874 -521.305481 43.553875  -0.052083 0.749651 -0.659780  0.469950 0.000509 0
0  801.735046 -529.947205 43.553875  0.877852 0.095951 -0.469223  0.423480 0.000509 0
phys
0  871.680176 -405.227173 43.553875  0.399810 -0.787404 -0.469198  0.377009 0.926879 0
0  774.950684 -362.797699 319.007874  0.174765 -0.730842 0.659793  0.377009 0.017938 0
0  760.481689 -356.450989 319.007874  -0.850095 -0.239145 0.469199  0.422462 0.000509 0
phys
0  857.211060 -398.880432 43.553875  -0.656063 -0.366407 -0.659793  0.518630 0.000509 0
0  760.481689 -356.450989 319.007874  -0.850095 -0.239145 0.469199  0.518630 0.909449 0
0  766.828369 -341.981934 319.007874  -0.399807 0.787392 0.469221  0.469950 0.909449 0
phys
0  863.557739 -384.411377 43.553875  -0.174765 0.730854 -0.659780  0.468932 0.017938 0
0  766.828369 -341.981934 319.007874  -0.399807 0.787392 0.469221  0.468932 0.926878 0
0  781.297363 -348.328644 319.007874  0.656072 0.366415 0.659780  0.423480 0.909449 0
phys
0  878.026855 -390.758118 43.553875  0.850085 0.239139 -0.469221  0.568327 0.000509 0
0  781.297363 -348.328644 319.007874  0.656072 0.366415 0.659780  0.568327 0.909449 0
0  774.950684 -362.797699 319.007874  0.174765 -0.730842 0.659793  0.519648 0.909449 0
phys
0  774.950684 -362.797699 319.007874  0.174765 -0.730842 0.659793  0.519648 0.909449 0
0  781.297363 -348.328644 319.007874  0.656072 0.366415 0.659780  0.568327 0.909449 0
0  766.828369 -341.981934 319.007874  -0.399807 0.787392 0.469221  0.468932 0.926878 0
phys
0  857.211060 -398.880432 43.553875  -0.656063 -0.366407 -0.659793  0.518630 0.000509 0
0  863.557739 -384.411377 43.553875  -0.174765 0.730854 -0.659780  0.469950 0.000509 0
0  878.026855 -390.758118 43.553875  0.850085 0.239139 -0.469221  0.423480 0.000509 0
phys
0  926.489746 -256.226562 43.553875  0.523960 -0.710858 -0.469198  0.377009 0.926879 0
0  824.095886 -230.296936 319.007874  0.292676 -0.692107 0.659795  0.377009 0.017938 0
0  808.779541 -226.418304 319.007874  -0.799140 -0.375802 0.469200  0.422462 0.000509 0
phys
0  911.173340 -252.347931 43.553875  -0.586805 -0.469397 -0.659792  0.518630 0.000509 0
0  808.779541 -226.418304 319.007874  -0.799140 -0.375802 0.469200  0.518630 0.909449 0
0  812.658142 -211.101944 319.007874  -0.523952 0.710848 0.469221  0.469950 0.909449 0
phys
0  915.051941 -237.031570 43.553875  -0.292678 0.692118 -0.659782  0.468932 0.017938 0
0  812.658142 -211.101944 319.007874  -0.523952 0.710848 0.469221  0.468932 0.926878 0
0  827.974487 -214.980576 319.007874  0.586813 0.469406 0.659780  0.423480 0.909449 0
phys
0  930.368347 -240.910202 43.553875  0.799129 0.375797 -0.469222  0.568327 0.000509 0
0  827.974487 -214.980576 319.007874  0.586813 0.469406 0.659780  0.568327 0.909449 0
0  824.095886 -230.296936 319.007874  0.292676 -0.692107 0.659795  0.519648 0.909449 0
phys
0  824.095886 -230.296936 319.007874  0.292676 -0.692107 0.659795  0.519648 0.909449 0
0  827.974487 -214.980576 319.007874  0.586813 0.469406 0.659780  0.568327 0.909449 0
0  812.658142 -211.101944 319.007874  -0.523952 0.710848 0.469221  0.468932 0.926878 0
phys
0  911.173340 -252.347931 43.553875  -0.586805 -0.469397 -0.659792  0.518630 0.000509 0
0  915.051941 -237.031570 43.553875  -0.292678 0.692118 -0.659782  0.469950 0.000509 0
0  930.368347 -240.910202 43.553875  0.799129 0.375797 -0.469222  0.423480 0.000509 0
phys
0  956.027100 -100.236885 43.553875  0.633816 -0.614923 -0.469198  0.377009 0.926879 0
0  850.761902 -91.514359 319.007874  0.402600 -0.634496 0.659794  0.377009 0.017938 0
0  835.016052 -90.209618 319.007874  -0.726385 -0.502212 0.469199  0.422462 0.000509 0
phys
0  940.281189 -98.932144 43.553875  -0.501543 -0.559579 -0.659793  0.518630 0.000509 0
0  835.016052 -90.209618 319.007874  -0.726385 -0.502212 0.469199  0.518630 0.909449 0
0  836.320801 -74.463753 319.007874  -0.633808 0.614912 0.469222  0.469950 0.909449 0
phys
0  941.585938 -83.186279 43.553875  -0.402604 0.634506 -0.659782  0.468932 0.017938 0
0  836.320801 -74.463753 319.007874  -0.633808 0.614912 0.469222  0.468932 0.926878 0
0  852.066650 -75.768494 319.007874  0.501548 0.559589 0.659780  0.423480 0.909449 0
phys
0  957.331848 -84.491020 43.553875  0.726377 0.502202 -0.469222  0.568327 0.000509 0
0  852.066650 -75.768494 319.007874  0.501548 0.559589 0.659780  0.568327 0.909449 0
0  850.761902 -91.514359 319.007874  0.402600 -0.634496 0.659794  0.519648 0.909449 0
phys
0  850.761902 -91.514359 319.007874  0.402600 -0.634496 0.659794  0.519648 0.909449 0
0  852.066650 -75.768494 319.007874  0.501548 0.559589 0.659780  0.568327 0.909449 0
0  836.320801 -74.463753 319.007874  -0.633808 0.614912 0.469222  0.468932 0.926878 0
phys
0  940.281189 -98.932144 43.553875  -0.501543 -0.559579 -0.659793  0.518630 0.000509 0
0  941.585938 -83.186279 43.553875  -0.402604 0.634506 -0.659782  0.469950 0.000509 0
0  957.331848 -84.491020 43.553875  0.726377 0.502202 -0.469222  0.423480 0.000509 0
phys
0  959.486572 58.487312 43.553875  0.726387 -0.502208 -0.469200  0.377009 0.926879 0
0  854.221375 49.764771 319.007874  0.501544 -0.559577 0.659794  0.377009 0.017938 0
0  838.475525 48.460030 319.007874  -0.633815 -0.614924 0.469198  0.422462 0.000509 0
phys
0  943.740662 57.182564 43.553875  -0.402601 -0.634495 -0.659794  0.518630 0.000509 0
0  838.475525 48.460030 319.007874  -0.633815 -0.614924 0.469198  0.518630 0.909449 0
0  837.170776 64.205894 319.007874  -0.726378 0.502202 0.469222  0.469950 0.909449 0
phys
0  942.435913 72.928429 43.553875  -0.501549 0.559589 -0.659780  0.468932 0.017938 0
0  837.170776 64.205894 319.007874  -0.726378 0.502202 0.469222  0.468932 0.926878 0
0  852.916626 65.510635 319.007874  0.402603 0.634508 0.659781  0.423480 0.909449 0
phys
0  958.181824 74.233177 43.553875  0.633807 0.614916 -0.469221  0.568327 0.000509 0
0  852.916626 65.510635 319.007874  0.402603 0.634508 0.659781  0.568327 0.909449 0
0  854.221375 49.764771 319.007874  0.501544 -0.559577 0.659794  0.519648 0.909449 0
phys
0  854.221375 49.764771 319.007874  0.501544 -0.559577 0.659794  0.519648 0.909449 0
0  852.916626 65.510635 319.007874  0.402603 0.634508 0.659781  0.568327 0.909449 0
0  837.170776 64.205894 319.007874  -0.726378 0.502202 0.469222  0.468932 0.926878 0
phys
0  943.740662 57.182564 43.553875  -0.402601 -0.634495 -0.659794  0.518630 0.000509 0
0  942.435913 72.928429 43.553875  -0.501549 0.559589 -0.659780  0.469950 0.000509 0
0  958.181824 74.233177 43.553875  0.633807 0.614916 -0.469221  0.423480 0.000509 0
phys
0  936.773743 215.615814 43.553875  0.799138 -0.375809 -0.469197  0.377009 0.926879 0
0  834.379883 189.686157 319.007874  0.586808 -0.469393 0.659793  0.377009 0.017938 0
0  819.063599 185.807526 319.007874  -0.523955 -0.710861 0.469198  0.422462 0.000509 0
phys
0  921.457336 211.737152 43.553875  -0.292673 -0.692110 -0.659792  0.518630 0.000509 0
0  819.063599 185.807526 319.007874  -0.523955 -0.710861 0.469198  0.518630 0.909449 0
0  815.184998 201.123886 319.007874  -0.799129 0.375794 0.469224  0.469950 0.909449 0
phys
0  917.578735 227.053513 43.553875  -0.586814 0.469401 -0.659782  0.468932 0.017938 0
0  815.184998 201.123886 319.007874  -0.799129 0.375794 0.469224  0.468932 0.926878 0
0  830.501282 205.002502 319.007874  0.292678 0.692120 0.659780  0.423480 0.909449 0
phys
0  932.895142 230.932159 43.553875  0.523958 0.710844 -0.469222  0.568327 0.000509 0
0  830.501282 205.002502 319.007874  0.292678 0.692120 0.659780  0.568327 0.909449 0
0  834.379883 189.686157 319.007874  0.586808 -0.469393 0.659793  0.519648 0.909449 0
phys
0  834.379883 189.686157 319.007874  0.586808 -0.469393 0.659793  0.519648 0.909449 0
0  830.501282 205.002502 319.007874  0.292678 0.692120 0.659780  0.568327 0.909449 0
0  815.184998 201.123886 319.007874  -0.799129 0.375794 0.469224  0.468932 0.926878 0
phys
0  921.457336 211.737152 43.553875  -0.292673 -0.692110 -0.659792  0.518630 0.000509 0
0  917.578735 227.053513 43.553875  -0.586814 0.469401 -0.659782  0.469950 0.000509 0
0  932.895142 230.932159 43.553875  0.523958 0.710844 -0.469222  0.423480 0.000509 0
phys
0  888.508301 366.862976 43.553875  0.850095 -0.239145 -0.469199  0.377009 0.926879 0
0  791.778809 324.433502 319.007874  0.656062 -0.366407 0.659794  0.377009 0.017938 0
0  777.309814 318.086792 319.007874  -0.399810 -0.787404 0.469199  0.422462 0.000509 0
phys
0  874.039185 360.516235 43.553875  -0.174765 -0.730842 -0.659794  0.518630 0.000509 0
0  777.309814 318.086792 319.007874  -0.399810 -0.787404 0.469199  0.518630 0.909449 0
0  770.963135 332.555847 319.007874  -0.850084 0.239138 0.469223  0.469950 0.909449 0
phys
0  867.692505 374.985291 43.553875  -0.656071 0.366415 -0.659781  0.468932 0.017938 0
0  770.963135 332.555847 319.007874  -0.850084 0.239138 0.469223  0.468932 0.926878 0
0  785.432129 338.902557 319.007874  0.174763 0.730853 0.659782  0.423480 0.909449 0
phys
0  882.161621 381.332031 43.553875  0.399807 0.787391 -0.469223  0.568327 0.000509 0
0  785.432129 338.902557 319.007874  0.174763 0.730853 0.659782  0.568327 0.909449 0
0  791.778809 324.433502 319.007874  0.656062 -0.366407 0.659794  0.519648 0.909449 0
phys
0  791.778809 324.433502 319.007874  0.656062 -0.366407 0.659794  0.519648 0.909449 0
0  785.432129 338.902557 319.007874  0.174763 0.730853 0.659782  0.568327 0.909449 0
0  770.963135 332.555847 319.007874  -0.850084 0.239138 0.469223  0.468932 0.926878 0
phys
0  874.039185 360.516235 43.553875  -0.174765 -0.730842 -0.659794  0.518630 0.000509 0
0  867.692505 374.985291 43.553875  -0.656071 0.366415 -0.659781  0.469950 0.000509 0
0  882.161621 381.332031 43.553875  0.399807 0.787391 -0.469223  0.423480 0.000509 0
phys
0  816.006531 508.103058 43.553875  0.877865 -0.095965 -0.469194  0.377009 0.926879 0
0  727.579956 450.331116 319.007874  0.707425 -0.253421 0.659794  0.377009 0.017938 0
0  714.352905 441.689423 319.007874  -0.264750 -0.842472 0.469199  0.422462 0.000509 0
phys
0  802.779358 499.461334 43.553875  -0.052087 -0.749638 -0.659795  0.518630 0.000509 0
0  714.352905 441.689423 319.007874  -0.264750 -0.842472 0.469199  0.518630 0.909449 0
0  705.711182 454.916504 319.007874  -0.877850 0.095953 0.469226  0.469950 0.909449 0
phys
0  794.137634 512.688416 43.553875  -0.707434 0.253431 -0.659780  0.468932 0.017938 0
0  705.711182 454.916504 319.007874  -0.877850 0.095953 0.469226  0.468932 0.926878 0
0  718.938232 463.558197 319.007874  0.052085 0.749653 0.659778  0.423480 0.909449 0
phys
0  807.364807 521.330139 43.553875  0.264756 0.842457 -0.469224  0.568327 0.000509 0
0  718.938232 463.558197 319.007874  0.052085 0.749653 0.659778  0.568327 0.909449 0
0  727.579956 450.331116 319.007874  0.707425 -0.253421 0.659794  0.519648 0.909449 0
phys
0  727.579956 450.331116 319.007874  0.707425 -0.253421 0.659794  0.519648 0.909449 0
0  718.938232 463.558197 319.007874  0.052085 0.749653 0.659778  0.568327 0.909449 0
0  705.711182 454.916504 319.007874  -0.877850 0.095953 0.469226  0.468932 0.926878 0
phys
0  802.779358 499.461334 43.553875  -0.052087 -0.749638 -0.659795  0.518630 0.000509 0
0  794.137634 512.688416 43.553875  -0.707434 0.253431 -0.659780  0.469950 0.000509 0
0  807.364807 521.330139 43.553875  0.264756 0.842457 -0.469224  0.423480 0.000509 0
phys
0  721.246155 635.483521 43.553875  0.881684 0.049841 -0.469200  0.377009 0.926879 0
0  643.534607 563.944946 319.007874  0.739487 -0.133531 0.659795  0.377009 0.017938 0
0  631.910339 553.244019 319.007874  -0.122477 -0.874558 0.469199  0.422462 0.000509 0
phys
0  709.621826 624.782532 43.553875  0.072010 -0.747987 -0.659796  0.518630 0.000509 0
0  631.910339 553.244019 319.007874  -0.122477 -0.874558 0.469199  0.518630 0.909449 0
0  621.209412 564.868347 319.007874  -0.881672 -0.049843 0.469223  0.469950 0.909449 0
phys
0  698.920898 636.406860 43.553875  -0.739499 0.133534 -0.659780  0.468932 0.017938 0
0  621.209412 564.868347 319.007874  -0.881672 -0.049843 0.469223  0.468932 0.926878 0
0  632.833679 575.569275 319.007874  -0.072014 0.748000 0.659781  0.423480 0.909449 0
phys
0  710.545227 647.107849 43.553875  0.122476 0.874545 -0.469224  0.568327 0.000509 0
0  632.833679 575.569275 319.007874  -0.072014 0.748000 0.659781  0.568327 0.909449 0
0  643.534607 563.944946 319.007874  0.739487 -0.133531 0.659795  0.519648 0.909449 0
phys
0  643.534607 563.944946 319.007874  0.739487 -0.133531 0.659795  0.519648 0.909449 0
0  632.833679 575.569275 319.007874  -0.072014 0.748000 0.659781  0.568327 0.909449 0
0  621.209412 564.868347 319.007874  -0.881672 -0.049843 0.469223  0.468932 0.926878 0
phys
0  709.621826 624.782532 43.553875  0.072010 -0.747987 -0.659796  0.518630 0.000509 0
0  698.920898 636.406860 43.553875  -0.739499 0.133534 -0.659780  0.469950 0.000509 0
0  710.545227 647.107849 43.553875  0.122476 0.874545 -0.469224  0.423480 0.000509 0
phys
0  606.812195 745.529480 43.553875  0.861458 0.194276 -0.469199  0.377009 0.926879 0
0  541.935364 662.175720 319.007874  0.751381 -0.009990 0.659793  0.377009 0.017938 0
0  532.230957 649.707458 319.007874  0.023143 -0.882790 0.469198  0.422462 0.000509 0
phys
0  597.107727 733.061157 43.553875  0.194136 -0.725937 -0.659793  0.518630 0.000509 0
0  532.230957 649.707458 319.007874  0.023143 -0.882790 0.469198  0.518630 0.909449 0
0  519.762634 659.411926 319.007874  -0.861445 -0.194281 0.469220  0.469950 0.909449 0
phys
0  584.639404 742.765625 43.553875  -0.751392 0.009997 -0.659780  0.468932 0.017938 0
0  519.762634 659.411926 319.007874  -0.861445 -0.194281 0.469220  0.468932 0.926878 0
0  529.467041 671.880188 319.007874  -0.194150 0.725945 0.659780  0.423480 0.909449 0
phys
0  594.343872 755.233948 43.553875  -0.023138 0.882777 -0.469222  0.568327 0.000509 0
0  529.467041 671.880188 319.007874  -0.194150 0.725945 0.659780  0.568327 0.909449 0
0  541.935364 662.175720 319.007874  0.751381 -0.009990 0.659793  0.519648 0.909449 0
phys
0  541.935364 662.175720 319.007874  0.751381 -0.009990 0.659793  0.519648 0.909449 0
0  529.467041 671.880188 319.007874  -0.194150 0.725945 0.659780  0.568327 0.909449 0
0  519.762634 659.411926 319.007874  -0.861445 -0.194281 0.469220  0.468932 0.926878 0
phys
0  597.107727 733.061157 43.553875  0.194136 -0.725937 -0.659793  0.518630 0.000509 0
0  584.639404 742.765625 43.553875  -0.751392 0.009997 -0.659780  0.469950 0.000509 0
0  594.343872 755.233948 43.553875  -0.023138 0.882777 -0.469222  0.423480 0.000509 0
phys
0  475.825836 835.239563 43.553875  0.817732 0.333420 -0.469197  0.377009 0.926879 0
0  425.553436 742.344238 319.007874  0.742777 0.113817 0.659794  0.377009 0.017938 0
0  418.033569 728.448730 319.007874  0.168129 -0.866940 0.469199  0.422462 0.000509 0
phys
0  468.305939 821.343994 43.553875  0.310979 -0.684079 -0.659794  0.518630 0.000509 0
0  418.033569 728.448730 319.007874  0.168129 -0.866940 0.469199  0.518630 0.909449 0
0  404.138031 735.968567 319.007874  -0.817717 -0.333420 0.469222  0.469950 0.909449 0
phys
0  454.410400 828.863831 43.553875  -0.742788 -0.113815 -0.659781  0.468932 0.017938 0
0  404.138031 735.968567 319.007874  -0.817717 -0.333420 0.469222  0.468932 0.926878 0
0  411.657898 749.864075 319.007874  -0.310987 0.684088 0.659781  0.423480 0.909449 0
phys
0  461.930298 842.759399 43.553875  -0.168122 0.866929 -0.469221  0.568327 0.000509 0
0  411.657898 749.864075 319.007874  -0.310987 0.684088 0.659781  0.568327 0.909449 0
0  425.553436 742.344238 319.007874  0.742777 0.113817 0.659794  0.519648 0.909449 0
phys
0  425.553436 742.344238 319.007874  0.742777 0.113817 0.659794  0.519648 0.909449 0
0  411.657898 749.864075 319.007874  -0.310987 0.684088 0.659781  0.568327 0.909449 0
0  404.138031 735.968567 319.007874  -0.817717 -0.333420 0.469222  0.468932 0.926878 0
phys
0  468.305939 821.343994 43.553875  0.310979 -0.684079 -0.659794  0.518630 0.000509 0
0  454.410400 828.863831 43.553875  -0.742788 -0.113815 -0.659781  0.469950 0.000509 0
0  461.930298 842.759399 43.553875  -0.168122 0.866929 -0.469221  0.423480 0.000509 0
phys
0  331.860352 902.166626 43.553875  0.751699 0.463467 -0.469199  0.377009 0.926879 0
0  297.563660 802.263733 319.007874  0.713913 0.234520 0.659794  0.377009 0.017938 0
0  292.433472 787.319946 319.007874  0.308529 -0.827444 0.469198  0.422462 0.000509 0
phys
0  326.730133 887.222839 43.553875  0.419332 -0.623564 -0.659794  0.518630 0.000509 0
0  292.433472 787.319946 319.007874  0.308529 -0.827444 0.469198  0.518630 0.909449 0
0  277.489716 792.450134 319.007874  -0.751686 -0.463466 0.469221  0.469950 0.909449 0
phys
0  311.786377 892.353027 43.553875  -0.713925 -0.234519 -0.659781  0.468932 0.017938 0
0  277.489716 792.450134 319.007874  -0.751686 -0.463466 0.469221  0.468932 0.926878 0
0  282.619904 807.393921 319.007874  -0.419343 0.623570 0.659782  0.423480 0.909449 0
phys
0  316.916595 907.296814 43.553875  -0.308520 0.827434 -0.469221  0.568327 0.000509 0
0  282.619904 807.393921 319.007874  -0.419343 0.623570 0.659782  0.568327 0.909449 0
0  297.563660 802.263733 319.007874  0.713913 0.234520 0.659794  0.519648 0.909449 0
phys
0  297.563660 802.263733 319.007874  0.713913 0.234520 0.659794  0.519648 0.909449 0
0  282.619904 807.393921 319.007874  -0.419343 0.623570 0.659782  0.568327 0.909449 0
0  277.489716 792.450134 319.007874  -0.751686 -0.463466 0.469221  0.468932 0.926878 0
phys
0  326.730133 887.222839 43.553875  0.419332 -0.623564 -0.659794  0.518630 0.000509 0
0  311.786377 892.353027 43.553875  -0.713925 -0.234519 -0.659781  0.469950 0.000509 0
0  316.916595 907.296814 43.553875  -0.308520 0.827434 -0.469221  0.423480 0.000509 0
phys
0  178.842422 944.484253 43.553875  0.665162 0.580872 -0.469198  0.377009 0.926879 0
0  161.456970 840.298889 319.007874  0.665575 0.348830 0.659793  0.377009 0.017938 0
0  158.856415 824.714600 319.007874  0.440515 -0.765375 0.469199  0.422462 0.000509 0
phys
0  176.241852 928.899902 43.553875  0.516250 -0.546039 -0.659793  0.518630 0.000509 0
0  158.856415 824.714600 319.007874  0.440515 -0.765375 0.469199  0.518630 0.909449 0
0  143.272064 827.315125 319.007874  -0.665150 -0.580867 0.469222  0.469950 0.909449 0
phys
0  160.657501 931.500427 43.553875  -0.665587 -0.348833 -0.659780  0.468932 0.017938 0
0  143.272064 827.315125 319.007874  -0.665150 -0.580867 0.469222  0.468932 0.926878 0
0  145.872620 842.899414 319.007874  -0.516259 0.546046 0.659781  0.423480 0.909449 0
phys
0  163.258072 947.084778 43.553875  -0.440506 0.765366 -0.469222  0.568327 0.000509 0
0  145.872620 842.899414 319.007874  -0.516259 0.546046 0.659781  0.568327 0.909449 0
0  161.456970 840.298889 319.007874  0.665575 0.348830 0.659793  0.519648 0.909449 0
phys
0  161.456970 840.298889 319.007874  0.665575 0.348830 0.659793  0.519648 0.909449 0
0  145.872620 842.899414 319.007874  -0.516259 0.546046 0.659781  0.568327 0.909449 0
0  143.272064 827.315125 319.007874  -0.665150 -0.580867 0.469222  0.468932 0.926878 0
phys
0  176.241852 928.899902 43.553875  0.516250 -0.546039 -0.659793  0.518630 0.000509 0
0  160.657501 931.500427 43.553875  -0.665587 -0.348833 -0.659780  0.469950 0.000509 0
0  163.258072 947.084778 43.553875  -0.440506 0.765366 -0.469222  0.423480 0.000509 0
phys
0  20.946314 961.039307 43.553875  0.560482 0.682431 -0.469199  0.377009 0.926879 0
0  20.946323 855.413330 319.007874  0.599083 0.453621 0.659794  0.377009 0.017938 0
0  20.946325 839.613525 319.007874  0.560483 -0.682431 0.469198  0.422462 0.000509 0
phys
0  20.946316 945.239441 43.553875  0.599083 -0.453621 -0.659793  0.518630 0.000509 0
0  20.946325 839.613525 319.007874  0.560483 -0.682431 0.469198  0.518630 0.909449 0
0  5.146495 839.613525 319.007874  -0.560471 -0.682425 0.469221  0.469950 0.909449 0
phys
0  5.146486 945.239441 43.553875  -0.599094 -0.453625 -0.659781  0.468932 0.017938 0
0  5.146495 839.613525 319.007874  -0.560471 -0.682425 0.469221  0.468932 0.926878 0
0  5.146493 855.413330 319.007874  -0.599093 0.453625 0.659781  0.423480 0.909449 0
phys
0  5.146484 961.039307 43.553875  -0.560471 0.682424 -0.469222  0.568327 0.000509 0
0  5.146493 855.413330 319.007874  -0.599093 0.453625 0.659781  0.568327 0.909449 0
0  20.946323 855.413330 319.007874  0.599083 0.453621 0.659794  0.519648 0.909449 0
phys
0  20.946323 855.413330 319.007874  0.599083 0.453621 0.659794  0.519648 0.909449 0
0  5.146493 855.413330 319.007874  -0.599093 0.453625 0.659781  0.568327 0.909449 0
0  5.146495 839.613525 319.007874  -0.560471 -0.682425 0.469221  0.468932 0.926878 0
phys
0  20.946316 945.239441 43.553875  0.599083 -0.453621 -0.659793  0.518630 0.000509 0
0  5.146486 945.239441 43.553875  -0.599094 -0.453625 -0.659781  0.469950 0.000509 0
0  5.146484 961.039307 43.553875  -0.560471 0.682424 -0.469222  0.423480 0.000509 0
phys
0  -137.521378 951.379578 43.553875  0.440513 0.765376 -0.469198  0.377009 0.926879 0
0  -120.135902 847.194214 319.007874  0.516248 0.546041 0.659793  0.377009 0.017938 0
0  -117.535332 831.609924 319.007874  0.665164 -0.580870 0.469198  0.422462 0.000509 0
phys
0  -134.920807 935.795227 43.553875  0.665576 -0.348829 -0.659794  0.518630 0.000509 0
0  -117.535332 831.609924 319.007874  0.665164 -0.580870 0.469198  0.518630 0.909449 0
0  -133.119675 829.009338 319.007874  -0.440502 -0.765369 0.469221  0.469950 0.909449 0
phys
0  -150.505157 933.194641 43.553875  -0.516259 -0.546046 -0.659781  0.468932 0.017938 0
0  -133.119675 829.009338 319.007874  -0.440502 -0.765369 0.469221  0.468932 0.926878 0
0  -135.720245 844.593628 319.007874  -0.665588 0.348829 0.659781  0.423480 0.909449 0
phys
0  -153.105728 948.778992 43.553875  -0.665151 0.580866 -0.469222  0.568327 0.000509 0
0  -135.720245 844.593628 319.007874  -0.665588 0.348829 0.659781  0.568327 0.909449 0
0  -120.135902 847.194214 319.007874  0.516248 0.546041 0.659793  0.519648 0.909449 0
phys
0  -120.135902 847.194214 319.007874  0.516248 0.546041 0.659793  0.519648 0.909449 0
0  -135.720245 844.593628 319.007874  -0.665588 0.348829 0.659781  0.568327 0.909449 0
0  -133.119675 829.009338 319.007874  -0.440502 -0.765369 0.469221  0.468932 0.926878 0
phys
0  -134.920807 935.795227 43.553875  0.665576 -0.348829 -0.659794  0.518630 0.000509 0
0  -150.505157 933.194641 43.553875  -0.516259 -0.546046 -0.659781  0.469950 0.000509 0
0  -153.105728 948.778992 43.553875  -0.665151 0.580866 -0.469222  0.423480 0.000509 0
phys
0  -292.237366 915.769165 43.553875  0.308530 0.827443 -0.469198  0.377009 0.926879 0
0  -257.940674 815.866272 319.007874  0.419332 0.623565 0.659794  0.377009 0.017938 0
0  -252.810471 800.922485 319.007874  0.751699 -0.463467 0.469198  0.422462 0.000509 0
phys
0  -287.107147 900.825378 43.553875  0.713914 -0.234521 -0.659793  0.518630 0.000509 0
0  -252.810471 800.922485 319.007874  0.751699 -0.463467 0.469198  0.518630 0.909449 0
0  -267.754242 795.792297 319.007874  -0.308523 -0.827432 0.469223  0.469950 0.909449 0
phys
0  -302.050903 895.695190 43.553875  -0.419341 -0.623573 -0.659780  0.468932 0.017938 0
0  -267.754242 795.792297 319.007874  -0.308523 -0.827432 0.469223  0.468932 0.926878 0
0  -272.884430 810.736084 319.007874  -0.713925 0.234524 0.659780  0.423480 0.909449 0
phys
0  -307.181122 910.638977 43.553875  -0.751686 0.463464 -0.469222  0.568327 0.000509 0
0  -272.884430 810.736084 319.007874  -0.713925 0.234524 0.659780  0.568327 0.909449 0
0  -257.940674 815.866272 319.007874  0.419332 0.623565 0.659794  0.519648 0.909449 0
phys
0  -257.940674 815.866272 319.007874  0.419332 0.623565 0.659794  0.519648 0.909449 0
0  -272.884430 810.736084 319.007874  -0.713925 0.234524 0.659780  0.568327 0.909449 0
0  -267.754242 795.792297 319.007874  -0.308523 -0.827432 0.469223  0.468932 0.926878 0
phys
0  -287.107147 900.825378 43.553875  0.713914 -0.234521 -0.659793  0.518630 0.000509 0
0  -302.050903 895.695190 43.553875  -0.419341 -0.623573 -0.659780  0.469950 0.000509 0
0  -307.181122 910.638977 43.553875  -0.751686 0.463464 -0.469222  0.423480 0.000509 0
phys
0  -438.982361 855.178284 43.553875  0.168129 0.866940 -0.469199  0.377009 0.926879 0
0  -388.709930 762.282959 319.007874  0.310980 0.684079 0.659793  0.377009 0.017938 0
0  -381.190063 748.387451 319.007874  0.817731 -0.333421 0.469198  0.422462 0.000509 0
phys
0  -431.462463 841.282715 43.553875  0.742777 -0.113816 -0.659794  0.518630 0.000509 0
0  -381.190063 748.387451 319.007874  0.817731 -0.333421 0.469198  0.518630 0.909449 0
0  -395.085602 740.867615 319.007874  -0.168122 -0.866929 0.469222  0.469950 0.909449 0
phys
0  -445.358002 833.762878 43.553875  -0.310987 -0.684088 -0.659781  0.468932 0.017938 0
0  -395.085602 740.867615 319.007874  -0.168122 -0.866929 0.469222  0.468932 0.926878 0
0  -402.605469 754.763123 319.007874  -0.742789 0.113814 0.659781  0.423480 0.909449 0
phys
0  -452.877899 847.658447 43.553875  -0.817716 0.333422 -0.469222  0.568327 0.000509 0
0  -402.605469 754.763123 319.007874  -0.742789 0.113814 0.659781  0.568327 0.909449 0
0  -388.709930 762.282959 319.007874  0.310980 0.684079 0.659793  0.519648 0.909449 0
phys
0  -388.709930 762.282959 319.007874  0.310980 0.684079 0.659793  0.519648 0.909449 0
0  -402.605469 754.763123 319.007874  -0.742789 0.113814 0.659781  0.568327 0.909449 0
0  -395.085602 740.867615 319.007874  -0.168122 -0.866929 0.469222  0.468932 0.926878 0
phys
0  -431.462463 841.282715 43.553875  0.742777 -0.113816 -0.659794  0.518630 0.000509 0
0  -445.358002 833.762878 43.553875  -0.310987 -0.684088 -0.659781  0.469950 0.000509 0
0  -452.877899 847.658447 43.553875  -0.817716 0.333422 -0.469222  0.423480 0.000509 0
phys
0  -573.753113 771.260315 43.553875  0.023144 0.882789 -0.469199  0.377009 0.926879 0
0  -508.876312 687.906616 319.007874  0.194141 0.725935 0.659794  0.377009 0.017938 0
0  -499.171844 675.438354 319.007874  0.861457 -0.194279 0.469198  0.422462 0.000509 0
phys
0  -564.048645 758.791992 43.553875  0.751380 0.009991 -0.659794  0.518630 0.000509 0
0  -499.171844 675.438354 319.007874  0.861457 -0.194279 0.469198  0.518630 0.909449 0
0  -511.640106 665.733887 319.007874  -0.023136 -0.882777 0.469222  0.469950 0.909449 0
phys
0  -576.516968 749.087524 43.553875  -0.194149 -0.725945 -0.659780  0.468932 0.017938 0
0  -511.640106 665.733887 319.007874  -0.023136 -0.882777 0.469222  0.468932 0.926878 0
0  -521.344604 678.202148 319.007874  -0.751393 -0.009997 0.659779  0.423480 0.909449 0
phys
0  -586.221436 761.555847 43.553875  -0.861443 0.194282 -0.469222  0.568327 0.000509 0
0  -521.344604 678.202148 319.007874  -0.751393 -0.009997 0.659779  0.568327 0.909449 0
0  -508.876312 687.906616 319.007874  0.194141 0.725935 0.659794  0.519648 0.909449 0
phys
0  -508.876312 687.906616 319.007874  0.194141 0.725935 0.659794  0.519648 0.909449 0
0  -521.344604 678.202148 319.007874  -0.751393 -0.009997 0.659779  0.568327 0.909449 0
0  -511.640106 665.733887 319.007874  -0.023136 -0.882777 0.469222  0.468932 0.926878 0
phys
0  -564.048645 758.791992 43.553875  0.751380 0.009991 -0.659794  0.518630 0.000509 0
0  -576.516968 749.087524 43.553875  -0.194149 -0.725945 -0.659780  0.469950 0.000509 0
0  -586.221436 761.555847 43.553875  -0.861443 0.194282 -0.469222  0.423480 0.000509 0
phys
0  -692.872986 666.305054 43.553875  -0.122479 0.874559 -0.469197  0.377009 0.926879 0
0  -615.161377 594.766479 319.007874  0.072011 0.747989 0.659793  0.377009 0.017938 0
0  -603.537109 584.065552 319.007874  0.881685 -0.049839 0.469198  0.422462 0.000509 0
phys
0  -681.248596 655.604065 43.553875  0.739486 0.133534 -0.659794  0.518630 0.000509 0
0  -603.537109 584.065552 319.007874  0.881685 -0.049839 0.469198  0.518630 0.909449 0
0  -614.238037 572.441223 319.007874  0.122477 -0.874546 0.469222  0.469950 0.909449 0
phys
0  -691.949524 643.979736 43.553875  -0.072009 -0.748002 -0.659779  0.468932 0.017938 0
0  -614.238037 572.441223 319.007874  0.122477 -0.874546 0.469222  0.468932 0.926878 0
0  -625.862305 583.142151 319.007874  -0.739498 -0.133534 0.659781  0.423480 0.909449 0
phys
0  -703.573914 654.680725 43.553875  -0.881672 0.049839 -0.469224  0.568327 0.000509 0
0  -625.862305 583.142151 319.007874  -0.739498 -0.133534 0.659781  0.568327 0.909449 0
0  -615.161377 594.766479 319.007874  0.072011 0.747989 0.659793  0.519648 0.909449 0
phys
0  -615.161377 594.766479 319.007874  0.072011 0.747989 0.659793  0.519648 0.909449 0
0  -625.862305 583.142151 319.007874  -0.739498 -0.133534 0.659781  0.568327 0.909449 0
0  -614.238037 572.441223 319.007874  0.122477 -0.874546 0.469222  0.468932 0.926878 0
phys
0  -681.248596 655.604065 43.553875  0.739486 0.133534 -0.659794  0.518630 0.000509 0
0  -691.949524 643.979736 43.553875  -0.072009 -0.748002 -0.659779  0.469950 0.000509 0
0  -703.573914 654.680725 43.553875  -0.881672 0.049839 -0.469224  0.423480 0.000509 0
phys
0  -793.093384 543.174316 43.553875  -0.264757 0.842471 -0.469199  0.377009 0.926879 0
0  -704.666809 485.402344 319.007874  -0.052086 0.749641 0.659792  0.377009 0.017938 0
0  -691.439758 476.760651 319.007874  0.877863 0.095960 0.469199  0.422462 0.000509 0
phys
0  -779.866211 534.532593 43.553875  0.707422 0.253428 -0.659794  0.518630 0.000509 0
0  -691.439758 476.760651 319.007874  0.877863 0.095960 0.469199  0.518630 0.909449 0
0  -700.081482 463.533569 319.007874  0.264750 -0.842459 0.469223  0.469950 0.909449 0
phys
0  -788.507935 521.305481 43.553875  0.052091 -0.749650 -0.659781  0.468932 0.017938 0
0  -700.081482 463.533569 319.007874  0.264750 -0.842459 0.469223  0.468932 0.926878 0
0  -713.308533 472.175262 319.007874  -0.707434 -0.253427 0.659782  0.423480 0.909449 0
phys
0  -801.735107 529.947205 43.553875  -0.877851 -0.095961 -0.469222  0.568327 0.000509 0
0  -713.308533 472.175262 319.007874  -0.707434 -0.253427 0.659782  0.568327 0.909449 0
0  -704.666809 485.402344 319.007874  -0.052086 0.749641 0.659792  0.519648 0.909449 0
phys
0  -704.666809 485.402344 319.007874  -0.052086 0.749641 0.659792  0.519648 0.909449 0
0  -713.308533 472.175262 319.007874  -0.707434 -0.253427 0.659782  0.568327 0.909449 0
0  -700.081482 463.533569 319.007874  0.264750 -0.842459 0.469223  0.468932 0.926878 0
phys
0  -779.866211 534.532593 43.553875  0.707422 0.253428 -0.659794  0.518630 0.000509 0
0  -788.507935 521.305481 43.553875  0.052091 -0.749650 -0.659781  0.469950 0.000509 0
0  -801.735107 529.947205 43.553875  -0.877851 -0.095961 -0.469222  0.423480 0.000509 0
phys
0  -871.680237 405.227081 43.553875  -0.399806 0.787406 -0.469198  0.377009 0.926879 0
0  -774.950745 362.797638 319.007874  -0.174765 0.730841 0.659794  0.377009 0.017938 0
0  -760.481689 356.450928 319.007874  0.850096 0.239147 0.469197  0.422462 0.000509 0
phys
0  -857.211121 398.880341 43.553875  0.656066 0.366406 -0.659791  0.518630 0.000509 0
0  -760.481689 356.450928 319.007874  0.850096 0.239147 0.469197  0.518630 0.909449 0
0  -766.828430 341.981873 319.007874  0.399809 -0.787391 0.469221  0.469950 0.909449 0
phys
0  -863.557861 384.411285 43.553875  0.174764 -0.730853 -0.659781  0.468932 0.017938 0
0  -766.828430 341.981873 319.007874  0.399809 -0.787391 0.469221  0.468932 0.926878 0
0  -781.297485 348.328583 319.007874  -0.656071 -0.366416 0.659780  0.423480 0.909449 0
phys
0  -878.026978 390.758026 43.553875  -0.850085 -0.239136 -0.469222  0.568327 0.000509 0
0  -781.297485 348.328583 319.007874  -0.656071 -0.366416 0.659780  0.568327 0.909449 0
0  -774.950745 362.797638 319.007874  -0.174765 0.730841 0.659794  0.519648 0.909449 0
phys
0  -774.950745 362.797638 319.007874  -0.174765 0.730841 0.659794  0.519648 0.909449 0
0  -781.297485 348.328583 319.007874  -0.656071 -0.366416 0.659780  0.568327 0.909449 0
0  -766.828430 341.981873 319.007874  0.399809 -0.787391 0.469221  0.468932 0.926878 0
phys
0  -857.211121 398.880341 43.553875  0.656066 0.366406 -0.659791  0.518630 0.000509 0
0  -863.557861 384.411285 43.553875  0.174764 -0.730853 -0.659781  0.469950 0.000509 0
0  -878.026978 390.758026 43.553875  -0.850085 -0.239136 -0.469222  0.423480 0.000509 0
phys
0  -926.489685 256.226868 43.553875  -0.523957 0.710861 -0.469197  0.377009 0.926879 0
0  -824.095825 230.297211 319.007874  -0.292673 0.692109 0.659794  0.377009 0.017938 0
0  -808.779541 226.418579 319.007874  0.799139 0.375805 0.469198  0.422462 0.000509 0
phys
0  -911.173279 252.348236 43.553875  0.586806 0.469397 -0.659792  0.518630 0.000509 0
0  -808.779541 226.418579 319.007874  0.799139 0.375805 0.469198  0.518630 0.909449 0
0  -812.658142 211.102219 319.007874  0.523955 -0.710846 0.469222  0.469950 0.909449 0
phys
0  -915.051880 237.031876 43.553875  0.292678 -0.692118 -0.659782  0.468932 0.017938 0
0  -812.658142 211.102219 319.007874  0.523955 -0.710846 0.469222  0.468932 0.926878 0
0  -827.974426 214.980850 319.007874  -0.586812 -0.469404 0.659782  0.423480 0.909449 0
phys
0  -930.368286 240.910522 43.553875  -0.799130 -0.375793 -0.469223  0.568327 0.000509 0
0  -827.974426 214.980850 319.007874  -0.586812 -0.469404 0.659782  0.568327 0.909449 0
0  -824.095825 230.297211 319.007874  -0.292673 0.692109 0.659794  0.519648 0.909449 0
phys
0  -824.095825 230.297211 319.007874  -0.292673 0.692109 0.659794  0.519648 0.909449 0
0  -827.974426 214.980850 319.007874  -0.586812 -0.469404 0.659782  0.568327 0.909449 0
0  -812.658142 211.102219 319.007874  0.523955 -0.710846 0.469222  0.468932 0.926878 0
phys
0  -911.173279 252.348236 43.553875  0.586806 0.469397 -0.659792  0.518630 0.000509 0
0  -915.051880 237.031876 43.553875  0.292678 -0.692118 -0.659782  0.469950 0.000509 0
0  -930.368286 240.910522 43.553875  -0.799130 -0.375793 -0.469223  0.423480 0.000509 0
phys
0  -956.027100 100.236855 43.553875  -0.633816 0.614923 -0.469198  0.377009 0.926879 0
0  -850.761902 91.514336 319.007874  -0.402600 0.634496 0.659794  0.377009 0.017938 0
0  -835.016052 90.209595 319.007874  0.726386 0.502212 0.469199  0.422462 0.000509 0
phys
0  -940.281189 98.932114 43.553875  0.501543 0.559579 -0.659793  0.518630 0.000509 0
0  -835.016052 90.209595 319.007874  0.726386 0.502212 0.469199  0.518630 0.909449 0
0  -836.320801 74.463730 319.007874  0.633809 -0.614912 0.469222  0.469950 0.909449 0
phys
0  -941.585938 83.186249 43.553875  0.402604 -0.634506 -0.659782  0.468932 0.017938 0
0  -836.320801 74.463730 319.007874  0.633809 -0.614912 0.469222  0.468932 0.926878 0
0  -852.066650 75.768471 319.007874  -0.501548 -0.559589 0.659780  0.423480 0.909449 0
phys
0  -957.331848 84.490990 43.553875  -0.726377 -0.502202 -0.469223  0.568327 0.000509 0
0  -852.066650 75.768471 319.007874  -0.501548 -0.559589 0.659780  0.568327 0.909449 0
0  -850.761902 91.514336 319.007874  -0.402600 0.634496 0.659794  0.519648 0.909449 0
phys
0  -850.761902 91.514336 319.007874  -0.402600 0.634496 0.659794  0.519648 0.909449 0
0  -852.066650 75.768471 319.007874  -0.501548 -0.559589 0.659780  0.568327 0.909449 0
0  -836.320801 74.463730 319.007874  0.633809 -0.614912 0.469222  0.468932 0.926878 0
phys
0  -940.281189 98.932114 43.553875  0.501543 0.559579 -0.659793  0.518630 0.000509 0
0  -941.585938 83.186249 43.553875  0.402604 -0.634506 -0.659782  0.469950 0.000509 0
0  -957.331848 84.490990 43.553875  -0.726377 -0.502202 -0.469223  0.423480 0.000509 0
phys
0  -959.486572 -58.487175 43.553875  -0.726387 0.502208 -0.469200  0.377009 0.926879 0
0  -854.221375 -49.764648 319.007874  -0.501544 0.559577 0.659794  0.377009 0.017938 0
0  -838.475525 -48.459908 319.007874  0.633816 0.614923 0.469198  0.422462 0.000509 0
phys
0  -943.740662 -57.182434 43.553875  0.402600 0.634495 -0.659794  0.518630 0.000509 0
0  -838.475525 -48.459908 319.007874  0.633816 0.614923 0.469198  0.518630 0.909449 0
0  -837.170776 -64.205772 319.007874  0.726377 -0.502202 0.469222  0.469950 0.909449 0
phys
0  -942.435913 -72.928299 43.553875  0.501549 -0.559588 -0.659780  0.468932 0.017938 0
0  -837.170776 -64.205772 319.007874  0.726377 -0.502202 0.469222  0.468932 0.926878 0
0  -852.916626 -65.510513 319.007874  -0.402603 -0.634508 0.659781  0.423480 0.909449 0
phys
0  -958.181824 -74.233040 43.553875  -0.633807 -0.614915 -0.469221  0.568327 0.000509 0
0  -852.916626 -65.510513 319.007874  -0.402603 -0.634508 0.659781  0.568327 0.909449 0
0  -854.221375 -49.764648 319.007874  -0.501544 0.559577 0.659794  0.519648 0.909449 0
phys
0  -854.221375 -49.764648 319.007874  -0.501544 0.559577 0.659794  0.519648 0.909449 0
0  -852.916626 -65.510513 319.007874  -0.402603 -0.634508 0.659781  0.568327 0.909449 0
0  -837.170776 -64.205772 319.007874  0.726377 -0.502202 0.469222  0.468932 0.926878 0
phys
0  -943.740662 -57.182434 43.553875  0.402600 0.634495 -0.659794  0.518630 0.000509 0
0  -942.435913 -72.928299 43.553875  0.501549 -0.559588 -0.659780  0.469950 0.000509 0
0  -958.181824 -74.233040 43.553875  -0.633807 -0.614915 -0.469221  0.423480 0.000509 0
phys
0  -936.773743 -215.615936 43.553875  -0.799138 0.375810 -0.469197  0.377009 0.926879 0
0  -834.379883 -189.686279 319.007874  -0.586808 0.469393 0.659793  0.377009 0.017938 0
0  -819.063599 -185.807648 319.007874  0.523955 0.710862 0.469198  0.422462 0.000509 0
phys
0  -921.457336 -211.737305 43.553875  0.292674 0.692110 -0.659792  0.518630 0.000509 0
0  -819.063599 -185.807648 319.007874  0.523955 0.710862 0.469198  0.518630 0.909449 0
0  -815.184998 -201.124008 319.007874  0.799129 -0.375794 0.469224  0.469950 0.909449 0
phys
0  -917.578735 -227.053650 43.553875  0.586814 -0.469401 -0.659782  0.468932 0.017938 0
0  -815.184998 -201.124008 319.007874  0.799129 -0.375794 0.469224  0.468932 0.926878 0
0  -830.501282 -205.002625 319.007874  -0.292677 -0.692119 0.659781  0.423480 0.909449 0
phys
0  -932.895142 -230.932297 43.553875  -0.523957 -0.710843 -0.469223  0.568327 0.000509 0
0  -830.501282 -205.002625 319.007874  -0.292677 -0.692119 0.659781  0.568327 0.909449 0
0  -834.379883 -189.686279 319.007874  -0.586808 0.469393 0.659793  0.519648 0.909449 0
phys
0  -834.379883 -189.686279 319.007874  -0.586808 0.469393 0.659793  0.519648 0.909449 0
0  -830.501282 -205.002625 319.007874  -0.292677 -0.692119 0.659781  0.568327 0.909449 0
0  -815.184998 -201.124008 319.007874  0.799129 -0.375794 0.469224  0.468932 0.926878 0
phys
0  -921.457336 -211.737305 43.553875  0.292674 0.692110 -0.659792  0.518630 0.000509 0
0  -917.578735 -227.053650 43.553875  0.586814 -0.469401 -0.659782  0.469950 0.000509 0
0  -932.895142 -230.932297 43.553875  -0.523957 -0.710843 -0.469223  0.423480 0.000509 0
phys
0  -888.508362 -366.862732 43.553875  -0.850097 0.239142 -0.469198  0.377009 0.926879 0
0  -791.778870 -324.433289 319.007874  -0.656063 0.366408 0.659793  0.377009 0.017938 0
0  -777.309814 -318.086578 319.007874  0.399808 0.787405 0.469198  0.422462 0.000509 0
phys
0  -874.039246 -360.516022 43.553875  0.174762 0.730844 -0.659792  0.518630 0.000509 0
0  -777.309814 -318.086578 319.007874  0.399808 0.787405 0.469198  0.518630 0.909449 0
0  -770.963074 -332.555634 319.007874  0.850084 -0.239137 0.469223  0.469950 0.909449 0
phys
0  -867.692505 -374.985077 43.553875  0.656072 -0.366412 -0.659782  0.468932 0.017938 0
0  -770.963074 -332.555634 319.007874  0.850084 -0.239137 0.469223  0.468932 0.926878 0
0  -785.432129 -338.902344 319.007874  -0.174766 -0.730853 0.659781  0.423480 0.909449 0
phys
0  -882.161621 -381.331787 43.553875  -0.399806 -0.787392 -0.469222  0.568327 0.000509 0
0  -785.432129 -338.902344 319.007874  -0.174766 -0.730853 0.659781  0.568327 0.909449 0
0  -791.778870 -324.433289 319.007874  -0.656063 0.366408 0.659793  0.519648 0.909449 0
phys
0  -791.778870 -324.433289 319.007874  -0.656063 0.366408 0.659793  0.519648 0.909449 0
0  -785.432129 -338.902344 319.007874  -0.174766 -0.730853 0.659781  0.568327 0.909449 0
0  -770.963074 -332.555634 319.007874  0.850084 -0.239137 0.469223  0.468932 0.926878 0
phys
0  -874.039246 -360.516022 43.553875  0.174762 0.730844 -0.659792  0.518630 0.000509 0
0  -867.692505 -374.985077 43.553875  0.656072 -0.366412 -0.659782  0.469950 0.000509 0
0  -882.161621 -381.331787 43.553875  -0.399806 -0.787392 -0.469222  0.423480 0.000509 0
phys
0  -816.006287 -508.103424 43.553875  -0.877863 0.095960 -0.469200  0.377009 0.926879 0
0  -727.579773 -450.331482 319.007874  -0.707424 0.253425 0.659793  0.377009 0.017938 0
0  -714.352722 -441.689789 319.007874  0.264754 0.842470 0.469200  0.422462 0.000509 0
phys
0  -802.779175 -499.461700 43.553875  0.052086 0.749641 -0.659792  0.518630 0.000509 0
0  -714.352722 -441.689789 319.007874  0.264754 0.842470 0.469200  0.518630 0.909449 0
0  -705.710999 -454.916870 319.007874  0.877851 -0.095958 0.469222  0.469950 0.909449 0
phys
0  -794.137451 -512.688782 43.553875  0.707431 -0.253429 -0.659784  0.468932 0.017938 0
0  -705.710999 -454.916870 319.007874  0.877851 -0.095958 0.469222  0.468932 0.926878 0
0  -718.938049 -463.558563 319.007874  -0.052086 -0.749649 0.659783  0.423480 0.909449 0
phys
0  -807.364563 -521.330505 43.553875  -0.264753 -0.842458 -0.469222  0.568327 0.000509 0
0  -718.938049 -463.558563 319.007874  -0.052086 -0.749649 0.659783  0.568327 0.909449 0
0  -727.579773 -450.331482 319.007874  -0.707424 0.253425 0.659793  0.519648 0.909449 0
phys
0  -727.579773 -450.331482 319.007874  -0.707424 0.253425 0.659793  0.519648 0.909449 0
0  -718.938049 -463.558563 319.007874  -0.052086 -0.749649 0.659783  0.568327 0.909449 0
0  -705.710999 -454.916870 319.007874  0.877851 -0.095958 0.469222  0.468932 0.926878 0
phys
0  -802.779175 -499.461700 43.553875  0.052086 0.749641 -0.659792  0.518630 0.000509 0
0  -794.137451 -512.688782 43.553875  0.707431 -0.253429 -0.659784  0.469950 0.000509 0
0  -807.364563 -521.330505 43.553875  -0.264753 -0.842458 -0.469222  0.423480 0.000509 0
phys
0  -721.245972 -635.483765 43.553875  -0.881685 -0.049837 -0.469200  0.377009 0.926879 0
0  -643.534424 -563.945190 319.007874  -0.739488 0.133529 0.659794  0.377009 0.017938 0
0  -631.910156 -553.244263 319.007874  0.122478 0.874557 0.469200  0.422462 0.000509 0
phys
0  -709.621643 -624.782837 43.553875  -0.072006 0.747990 -0.659793  0.518630 0.000509 0
0  -631.910156 -553.244263 319.007874  0.122478 0.874557 0.469200  0.518630 0.909449 0
0  -621.209167 -564.868591 319.007874  0.881674 0.049838 0.469220  0.469950 0.909449 0
phys
0  -698.920654 -636.407166 43.553875  0.739499 -0.133533 -0.659780  0.468932 0.017938 0
0  -621.209167 -564.868591 319.007874  0.881674 0.049838 0.469220  0.468932 0.926878 0
0  -632.833435 -575.569519 319.007874  0.072012 -0.748000 0.659781  0.423480 0.909449 0
phys
0  -710.544983 -647.108093 43.553875  -0.122477 -0.874545 -0.469224  0.568327 0.000509 0
0  -632.833435 -575.569519 319.007874  0.072012 -0.748000 0.659781  0.568327 0.909449 0
0  -643.534424 -563.945190 319.007874  -0.739488 0.133529 0.659794  0.519648 0.909449 0
phys
0  -643.534424 -563.945190 319.007874  -0.739488 0.133529 0.659794  0.519648 0.909449 0
0  -632.833435 -575.569519 319.007874  0.072012 -0.748000 0.659781  0.568327 0.909449 0
0  -621.209167 -564.868591 319.007874  0.881674 0.049838 0.469220  0.468932 0.926878 0
phys
0  -709.621643 -624.782837 43.553875  -0.072006 0.747990 -0.659793  0.518630 0.000509 0
0  -698.920654 -636.407166 43.553875  0.739499 -0.133533 -0.659780  0.469950 0.000509 0
0  -710.544983 -647.108093 43.553875  -0.122477 -0.874545 -0.469224  0.423480 0.000509 0
phys
0  -606.812073 -745.529663 43.553875  -0.861457 -0.194276 -0.469200  0.377009 0.926879 0
0  -541.935303 -662.175903 319.007874  -0.751382 0.009991 0.659792  0.377009 0.017938 0
0  -532.230835 -649.707642 319.007874  -0.023143 0.882788 0.469200  0.422462 0.000509 0
phys
0  -597.107605 -733.061340 43.553875  -0.194137 0.725936 -0.659793  0.518630 0.000509 0
0  -532.230835 -649.707642 319.007874  -0.023143 0.882788 0.469200  0.518630 0.909449 0
0  -519.762512 -659.412109 319.007874  0.861444 0.194280 0.469222  0.469950 0.909449 0
phys
0  -584.639282 -742.765808 43.553875  0.751390 -0.009999 -0.659782  0.468932 0.017938 0
0  -519.762512 -659.412109 319.007874  0.861444 0.194280 0.469222  0.468932 0.926878 0
0  -529.466980 -671.880371 319.007874  0.194146 -0.725944 0.659782  0.423480 0.909449 0
phys
0  -594.343750 -755.234131 43.553875  0.023136 -0.882777 -0.469221  0.568327 0.000509 0
0  -529.466980 -671.880371 319.007874  0.194146 -0.725944 0.659782  0.568327 0.909449 0
0  -541.935303 -662.175903 319.007874  -0.751382 0.009991 0.659792  0.519648 0.909449 0
phys
0  -541.935303 -662.175903 319.007874  -0.751382 0.009991 0.659792  0.519648 0.909449 0
0  -529.466980 -671.880371 319.007874  0.194146 -0.725944 0.659782  0.568327 0.909449 0
0  -519.762512 -659.412109 319.007874  0.861444 0.194280 0.469222  0.468932 0.926878 0
phys
0  -597.107605 -733.061340 43.553875  -0.194137 0.725936 -0.659793  0.518630 0.000509 0
0  -584.639282 -742.765808 43.553875  0.751390 -0.009999 -0.659782  0.469950 0.000509 0
0  -594.343750 -755.234131 43.553875  0.023136 -0.882777 -0.469221  0.423480 0.000509 0
phys
0  -475.825714 -835.239563 43.553875  -0.817731 -0.333422 -0.469196  0.377009 0.926879 0
0  -425.553345 -742.344299 319.007874  -0.742778 -0.113817 0.659793  0.377009 0.017938 0
0  -418.033478 -728.448792 319.007874  -0.168130 0.866940 0.469198  0.422462 0.000509 0
phys
0  -468.305817 -821.343994 43.553875  -0.310980 0.684079 -0.659793  0.518630 0.000509 0
0  -418.033478 -728.448792 319.007874  -0.168130 0.866940 0.469198  0.518630 0.909449 0
0  -404.137939 -735.968628 319.007874  0.817717 0.333420 0.469223  0.469950 0.909449 0
phys
0  -454.410278 -828.863831 43.553875  0.742789 0.113815 -0.659781  0.468932 0.017938 0
0  -404.137939 -735.968628 319.007874  0.817717 0.333420 0.469223  0.468932 0.926878 0
0  -411.657806 -749.864136 319.007874  0.310985 -0.684089 0.659781  0.423480 0.909449 0
phys
0  -461.930176 -842.759399 43.553875  0.168123 -0.866929 -0.469221  0.568327 0.000509 0
0  -411.657806 -749.864136 319.007874  0.310985 -0.684089 0.659781  0.568327 0.909449 0
0  -425.553345 -742.344299 319.007874  -0.742778 -0.113817 0.659793  0.519648 0.909449 0
phys
0  -425.553345 -742.344299 319.007874  -0.742778 -0.113817 0.659793  0.519648 0.909449 0
0  -411.657806 -749.864136 319.007874  0.310985 -0.684089 0.659781  0.568327 0.909449 0
0  -404.137939 -735.968628 319.007874  0.817717 0.333420 0.469223  0.468932 0.926878 0
phys
0  -468.305817 -821.343994 43.553875  -0.310980 0.684079 -0.659793  0.518630 0.000509 0
0  -454.410278 -828.863831 43.553875  0.742789 0.113815 -0.659781  0.469950 0.000509 0
0  -461.930176 -842.759399 43.553875  0.168123 -0.866929 -0.469221  0.423480 0.000509 0
phys
0  -331.860077 -902.166382 43.553875  -0.751699 -0.463465 -0.469199  0.377009 0.926879 0
0  -297.563416 -802.263489 319.007874  -0.713913 -0.234523 0.659793  0.377009 0.017938 0
0  -292.433228 -787.319763 319.007874  -0.308531 0.827442 0.469199  0.422462 0.000509 0
phys
0  -326.729858 -887.222595 43.553875  -0.419331 0.623567 -0.659792  0.518630 0.000509 0
0  -292.433228 -787.319763 319.007874  -0.308531 0.827442 0.469199  0.518630 0.909449 0
0  -277.489471 -792.449951 319.007874  0.751686 0.463463 0.469222  0.469950 0.909449 0
phys
0  -311.786102 -892.352783 43.553875  0.713926 0.234521 -0.659780  0.468932 0.017938 0
0  -277.489471 -792.449951 319.007874  0.751686 0.463463 0.469222  0.468932 0.926878 0
0  -282.619659 -807.393677 319.007874  0.419341 -0.623573 0.659780  0.423480 0.909449 0
phys
0  -316.916321 -907.296570 43.553875  0.308520 -0.827433 -0.469222  0.568327 0.000509 0
0  -282.619659 -807.393677 319.007874  0.419341 -0.623573 0.659780  0.568327 0.909449 0
0  -297.563416 -802.263489 319.007874  -0.713913 -0.234523 0.659793  0.519648 0.909449 0
phys
0  -297.563416 -802.263489 319.007874  -0.713913 -0.234523 0.659793  0.519648 0.909449 0
0  -282.619659 -807.393677 319.007874  0.419341 -0.623573 0.659780  0.568327 0.909449 0
0  -277.489471 -792.449951 319.007874  0.751686 0.463463 0.469222  0.468932 0.926878 0
phys
0  -326.729858 -887.222595 43.553875  -0.419331 0.623567 -0.659792  0.518630 0.000509 0
0  -311.786102 -892.352783 43.553875  0.713926 0.234521 -0.659780  0.469950 0.000509 0
0  -316.916321 -907.296570 43.553875  0.308520 -0.827433 -0.469222  0.423480 0.000509 0
phys
0  -178.842545 -944.484314 43.553875  -0.665163 -0.580871 -0.469198  0.377009 0.926879 0
0  -161.457092 -840.298950 319.007874  -0.665576 -0.348828 0.659793  0.377009 0.017938 0
0  -158.856522 -824.714600 319.007874  -0.440513 0.765377 0.469198  0.422462 0.000509 0
phys
0  -176.241974 -928.899963 43.553875  -0.516249 0.546040 -0.659794  0.518630 0.000509 0
0  -158.856522 -824.714600 319.007874  -0.440513 0.765377 0.469198  0.518630 0.909449 0
0  -143.272171 -827.315186 319.007874  0.665151 0.580866 0.469221  0.469950 0.909449 0
phys
0  -160.657623 -931.500549 43.553875  0.665587 0.348831 -0.659781  0.468932 0.017938 0
0  -143.272171 -827.315186 319.007874  0.665151 0.580866 0.469221  0.468932 0.926878 0
0  -145.872742 -842.899536 319.007874  0.516259 -0.546045 0.659781  0.423480 0.909449 0
phys
0  -163.258194 -947.084900 43.553875  0.440504 -0.765368 -0.469222  0.568327 0.000509 0
0  -145.872742 -842.899536 319.007874  0.516259 -0.546045 0.659781  0.568327 0.909449 0
0  -161.457092 -840.298950 319.007874  -0.665576 -0.348828 0.659793  0.519648 0.909449 0
phys
0  -161.457092 -840.298950 319.007874  -0.665576 -0.348828 0.659793  0.519648 0.909449 0
0  -145.872742 -842.899536 319.007874  0.516259 -0.546045 0.659781  0.568327 0.909449 0
0  -143.272171 -827.315186 319.007874  0.665151 0.580866 0.469221  0.468932 0.926878 0
phys
0  -176.241974 -928.899963 43.553875  -0.516249 0.546040 -0.659794  0.518630 0.000509 0
0  -160.657623 -931.500549 43.553875  0.665587 0.348831 -0.659781  0.469950 0.000509 0
0  -163.258194 -947.084900 43.553875  0.440504 -0.765368 -0.469222  0.423480 0.000509 0
end
